;index;iteration;type;class_idx;class_name
0;0;0;Training;8;phosphorus-P
0;1;0;Training;4;magnesium-Mg
0;2;0;Training;6;more-deficiencies
0;3;0;Training;1;calcium-Ca
0;5;0;Training;6;more-deficiencies
0;7;0;Training;1;calcium-Ca
0;8;0;Training;7;nitrogen-N
0;9;0;Training;8;phosphorus-P
0;10;0;Training;3;iron-Fe
0;12;0;Training;3;iron-Fe
0;13;0;Training;5;manganese-Mn
0;14;0;Training;3;iron-Fe
0;15;0;Training;5;manganese-Mn
0;16;0;Training;8;phosphorus-P
0;17;0;Training;4;magnesium-Mg
0;18;0;Training;0;boron-B
0;19;0;Training;5;manganese-Mn
0;21;0;Training;9;potasium-K
0;22;0;Training;1;calcium-Ca
0;23;0;Training;8;phosphorus-P
0;24;0;Training;1;calcium-Ca
0;26;0;Training;1;calcium-Ca
0;27;0;Training;8;phosphorus-P
0;29;0;Training;8;phosphorus-P
0;30;0;Training;5;manganese-Mn
0;31;0;Training;5;manganese-Mn
0;32;0;Training;8;phosphorus-P
0;33;0;Training;6;more-deficiencies
0;34;0;Training;7;nitrogen-N
0;35;0;Training;5;manganese-Mn
0;36;0;Training;1;calcium-Ca
0;37;0;Training;0;boron-B
0;38;0;Training;0;boron-B
0;39;0;Training;9;potasium-K
0;40;0;Training;1;calcium-Ca
0;41;0;Training;4;magnesium-Mg
0;43;0;Training;9;potasium-K
0;44;0;Training;8;phosphorus-P
0;47;0;Training;0;boron-B
0;48;0;Training;8;phosphorus-P
0;49;0;Training;4;magnesium-Mg
0;51;0;Training;6;more-deficiencies
0;52;0;Training;9;potasium-K
0;53;0;Training;2;healthy
0;54;0;Training;3;iron-Fe
0;57;0;Training;1;calcium-Ca
0;58;0;Training;0;boron-B
0;59;0;Training;8;phosphorus-P
0;62;0;Training;8;phosphorus-P
0;63;0;Training;8;phosphorus-P
0;64;0;Training;2;healthy
0;65;0;Training;6;more-deficiencies
0;66;0;Training;8;phosphorus-P
0;67;0;Training;8;phosphorus-P
0;68;0;Training;6;more-deficiencies
0;69;0;Training;9;potasium-K
0;71;0;Training;3;iron-Fe
0;72;0;Training;5;manganese-Mn
0;74;0;Training;8;phosphorus-P
0;75;0;Training;8;phosphorus-P
0;77;0;Training;8;phosphorus-P
0;78;0;Training;7;nitrogen-N
0;79;0;Training;8;phosphorus-P
0;80;0;Training;8;phosphorus-P
0;82;0;Training;3;iron-Fe
0;83;0;Training;4;magnesium-Mg
0;85;0;Training;2;healthy
0;86;0;Training;6;more-deficiencies
0;87;0;Training;7;nitrogen-N
0;88;0;Training;8;phosphorus-P
0;89;0;Training;4;magnesium-Mg
0;90;0;Training;6;more-deficiencies
0;91;0;Training;4;magnesium-Mg
0;92;0;Training;6;more-deficiencies
0;93;0;Training;8;phosphorus-P
0;95;0;Training;9;potasium-K
0;97;0;Training;5;manganese-Mn
0;98;0;Training;8;phosphorus-P
0;99;0;Training;1;calcium-Ca
0;101;0;Training;9;potasium-K
0;102;0;Training;1;calcium-Ca
0;103;0;Training;6;more-deficiencies
0;104;0;Training;9;potasium-K
0;105;0;Training;8;phosphorus-P
0;106;0;Training;1;calcium-Ca
0;107;0;Training;9;potasium-K
0;108;0;Training;8;phosphorus-P
0;109;0;Training;0;boron-B
0;110;0;Training;1;calcium-Ca
0;112;0;Training;6;more-deficiencies
0;113;0;Training;4;magnesium-Mg
0;114;0;Training;8;phosphorus-P
0;115;0;Training;8;phosphorus-P
0;116;0;Training;1;calcium-Ca
0;118;0;Training;5;manganese-Mn
0;119;0;Training;3;iron-Fe
0;120;0;Training;1;calcium-Ca
0;121;0;Training;5;manganese-Mn
0;122;0;Training;8;phosphorus-P
0;123;0;Training;8;phosphorus-P
0;125;0;Training;9;potasium-K
0;127;0;Training;5;manganese-Mn
0;128;0;Training;0;boron-B
0;129;0;Training;8;phosphorus-P
0;130;0;Training;7;nitrogen-N
0;131;0;Training;6;more-deficiencies
0;132;0;Training;4;magnesium-Mg
0;133;0;Training;5;manganese-Mn
0;134;0;Training;8;phosphorus-P
0;135;0;Training;5;manganese-Mn
0;136;0;Training;7;nitrogen-N
0;137;0;Training;3;iron-Fe
0;138;0;Training;8;phosphorus-P
0;139;0;Training;4;magnesium-Mg
0;140;0;Training;0;boron-B
0;141;0;Training;6;more-deficiencies
0;142;0;Training;1;calcium-Ca
0;143;0;Training;6;more-deficiencies
0;144;0;Training;7;nitrogen-N
0;145;0;Training;3;iron-Fe
0;146;0;Training;9;potasium-K
0;147;0;Training;7;nitrogen-N
0;149;0;Training;1;calcium-Ca
0;150;0;Training;7;nitrogen-N
0;151;0;Training;8;phosphorus-P
0;152;0;Training;8;phosphorus-P
0;153;0;Training;9;potasium-K
0;154;0;Training;1;calcium-Ca
0;155;0;Training;5;manganese-Mn
0;156;0;Training;4;magnesium-Mg
0;157;0;Training;5;manganese-Mn
0;158;0;Training;7;nitrogen-N
0;159;0;Training;6;more-deficiencies
0;160;0;Training;9;potasium-K
0;161;0;Training;3;iron-Fe
0;162;0;Training;4;magnesium-Mg
0;163;0;Training;7;nitrogen-N
0;165;0;Training;6;more-deficiencies
0;166;0;Training;1;calcium-Ca
0;167;0;Training;6;more-deficiencies
0;168;0;Training;8;phosphorus-P
0;169;0;Training;1;calcium-Ca
0;170;0;Training;8;phosphorus-P
0;171;0;Training;8;phosphorus-P
0;172;0;Training;5;manganese-Mn
0;173;0;Training;0;boron-B
0;174;0;Training;6;more-deficiencies
0;175;0;Training;8;phosphorus-P
0;176;0;Training;9;potasium-K
0;177;0;Training;3;iron-Fe
0;179;0;Training;1;calcium-Ca
0;180;0;Training;8;phosphorus-P
0;181;0;Training;9;potasium-K
0;182;0;Training;8;phosphorus-P
0;184;0;Training;4;magnesium-Mg
0;185;0;Training;0;boron-B
0;187;0;Training;0;boron-B
0;188;0;Training;0;boron-B
0;190;0;Training;4;magnesium-Mg
0;191;0;Training;0;boron-B
0;192;0;Training;8;phosphorus-P
0;193;0;Training;0;boron-B
0;194;0;Training;1;calcium-Ca
0;195;0;Training;8;phosphorus-P
0;196;0;Training;8;phosphorus-P
0;197;0;Training;1;calcium-Ca
0;199;0;Training;8;phosphorus-P
0;200;0;Training;6;more-deficiencies
0;202;0;Training;7;nitrogen-N
0;203;0;Training;9;potasium-K
0;205;0;Training;6;more-deficiencies
0;206;0;Training;8;phosphorus-P
0;207;0;Training;3;iron-Fe
0;209;0;Training;0;boron-B
0;212;0;Training;3;iron-Fe
0;214;0;Training;5;manganese-Mn
0;215;0;Training;5;manganese-Mn
0;216;0;Training;7;nitrogen-N
0;217;0;Training;8;phosphorus-P
0;218;0;Training;3;iron-Fe
0;219;0;Training;6;more-deficiencies
0;220;0;Training;1;calcium-Ca
0;221;0;Training;3;iron-Fe
0;222;0;Training;8;phosphorus-P
0;223;0;Training;0;boron-B
0;227;0;Training;8;phosphorus-P
0;230;0;Training;1;calcium-Ca
0;231;0;Training;1;calcium-Ca
0;232;0;Training;1;calcium-Ca
0;234;0;Training;9;potasium-K
0;235;0;Training;7;nitrogen-N
0;237;0;Training;8;phosphorus-P
0;238;0;Training;0;boron-B
0;241;0;Training;4;magnesium-Mg
0;242;0;Training;6;more-deficiencies
0;243;0;Training;9;potasium-K
0;244;0;Training;1;calcium-Ca
0;245;0;Training;9;potasium-K
0;246;0;Training;6;more-deficiencies
0;247;0;Training;8;phosphorus-P
0;248;0;Training;5;manganese-Mn
0;250;0;Training;0;boron-B
0;251;0;Training;8;phosphorus-P
0;252;0;Training;1;calcium-Ca
0;253;0;Training;1;calcium-Ca
0;254;0;Training;3;iron-Fe
0;256;0;Training;4;magnesium-Mg
0;257;0;Training;0;boron-B
0;258;0;Training;1;calcium-Ca
0;260;0;Training;3;iron-Fe
0;261;0;Training;6;more-deficiencies
0;262;0;Training;8;phosphorus-P
0;263;0;Training;6;more-deficiencies
0;265;0;Training;0;boron-B
0;266;0;Training;1;calcium-Ca
0;267;0;Training;6;more-deficiencies
0;271;0;Training;8;phosphorus-P
0;272;0;Training;4;magnesium-Mg
0;273;0;Training;6;more-deficiencies
0;274;0;Training;0;boron-B
0;275;0;Training;5;manganese-Mn
0;276;0;Training;5;manganese-Mn
0;277;0;Training;7;nitrogen-N
0;278;0;Training;1;calcium-Ca
0;279;0;Training;6;more-deficiencies
0;280;0;Training;8;phosphorus-P
0;281;0;Training;1;calcium-Ca
0;282;0;Training;1;calcium-Ca
0;284;0;Training;5;manganese-Mn
0;285;0;Training;0;boron-B
0;286;0;Training;9;potasium-K
0;287;0;Training;8;phosphorus-P
0;288;0;Training;8;phosphorus-P
0;290;0;Training;1;calcium-Ca
0;291;0;Training;5;manganese-Mn
0;292;0;Training;6;more-deficiencies
0;293;0;Training;9;potasium-K
0;294;0;Training;4;magnesium-Mg
0;295;0;Training;8;phosphorus-P
0;297;0;Training;8;phosphorus-P
0;299;0;Training;1;calcium-Ca
0;300;0;Training;0;boron-B
0;301;0;Training;5;manganese-Mn
0;302;0;Training;5;manganese-Mn
0;303;0;Training;6;more-deficiencies
0;304;0;Training;8;phosphorus-P
0;306;0;Training;9;potasium-K
0;307;0;Training;3;iron-Fe
0;308;0;Training;3;iron-Fe
0;309;0;Training;3;iron-Fe
0;310;0;Training;8;phosphorus-P
0;312;0;Training;1;calcium-Ca
0;313;0;Training;3;iron-Fe
0;314;0;Training;7;nitrogen-N
0;315;0;Training;8;phosphorus-P
0;316;0;Training;8;phosphorus-P
0;317;0;Training;0;boron-B
0;318;0;Training;6;more-deficiencies
0;319;0;Training;3;iron-Fe
0;320;0;Training;0;boron-B
0;321;0;Training;8;phosphorus-P
0;324;0;Training;0;boron-B
0;325;0;Training;7;nitrogen-N
0;326;0;Training;5;manganese-Mn
0;327;0;Training;4;magnesium-Mg
0;330;0;Training;9;potasium-K
0;331;0;Training;8;phosphorus-P
0;333;0;Training;1;calcium-Ca
0;334;0;Training;9;potasium-K
0;335;0;Training;6;more-deficiencies
0;336;0;Training;7;nitrogen-N
0;337;0;Training;9;potasium-K
0;339;0;Training;8;phosphorus-P
0;340;0;Training;8;phosphorus-P
0;342;0;Training;1;calcium-Ca
0;343;0;Training;0;boron-B
0;345;0;Training;0;boron-B
0;346;0;Training;5;manganese-Mn
0;348;0;Training;9;potasium-K
0;349;0;Training;5;manganese-Mn
0;350;0;Training;4;magnesium-Mg
0;351;0;Training;1;calcium-Ca
0;352;0;Training;9;potasium-K
0;355;0;Training;7;nitrogen-N
0;356;0;Training;8;phosphorus-P
0;359;0;Training;8;phosphorus-P
0;360;0;Training;4;magnesium-Mg
0;362;0;Training;4;magnesium-Mg
0;363;0;Training;3;iron-Fe
0;365;0;Training;7;nitrogen-N
0;367;0;Training;6;more-deficiencies
0;368;0;Training;6;more-deficiencies
0;371;0;Training;8;phosphorus-P
0;374;0;Training;8;phosphorus-P
0;375;0;Training;8;phosphorus-P
0;376;0;Training;6;more-deficiencies
0;377;0;Training;8;phosphorus-P
0;378;0;Training;1;calcium-Ca
0;381;0;Training;8;phosphorus-P
0;383;0;Training;4;magnesium-Mg
0;384;0;Training;1;calcium-Ca
0;386;0;Training;7;nitrogen-N
0;388;0;Training;0;boron-B
0;389;0;Training;4;magnesium-Mg
0;390;0;Training;1;calcium-Ca
0;391;0;Training;5;manganese-Mn
0;392;0;Training;3;iron-Fe
0;394;0;Training;8;phosphorus-P
0;395;0;Training;4;magnesium-Mg
0;396;0;Training;8;phosphorus-P
0;397;0;Training;1;calcium-Ca
0;398;0;Training;8;phosphorus-P
0;400;0;Training;9;potasium-K
0;401;0;Training;8;phosphorus-P
0;402;0;Training;5;manganese-Mn
0;403;0;Training;9;potasium-K
0;404;0;Training;8;phosphorus-P
0;406;0;Training;1;calcium-Ca
0;407;0;Training;8;phosphorus-P
0;408;0;Training;8;phosphorus-P
0;409;0;Training;8;phosphorus-P
0;410;0;Training;1;calcium-Ca
0;411;0;Training;0;boron-B
0;412;0;Training;3;iron-Fe
0;413;0;Training;8;phosphorus-P
0;414;0;Training;8;phosphorus-P
0;415;0;Training;0;boron-B
0;417;0;Training;9;potasium-K
0;418;0;Training;9;potasium-K
0;419;0;Training;9;potasium-K
0;420;0;Training;7;nitrogen-N
0;421;0;Training;9;potasium-K
0;422;0;Training;7;nitrogen-N
0;423;0;Training;1;calcium-Ca
0;424;0;Training;9;potasium-K
0;425;0;Training;5;manganese-Mn
0;426;0;Training;8;phosphorus-P
0;427;0;Training;0;boron-B
0;428;0;Training;7;nitrogen-N
0;429;0;Training;8;phosphorus-P
0;430;0;Training;5;manganese-Mn
0;431;0;Training;8;phosphorus-P
0;432;0;Training;0;boron-B
0;433;0;Training;8;phosphorus-P
0;434;0;Training;6;more-deficiencies
0;435;0;Training;4;magnesium-Mg
0;436;0;Training;4;magnesium-Mg
0;437;0;Training;0;boron-B
0;440;0;Training;8;phosphorus-P
0;441;0;Training;0;boron-B
0;442;0;Training;1;calcium-Ca
0;443;0;Training;4;magnesium-Mg
0;444;0;Training;0;boron-B
0;445;0;Training;5;manganese-Mn
0;446;0;Training;1;calcium-Ca
0;447;0;Training;8;phosphorus-P
0;448;0;Training;1;calcium-Ca
0;451;0;Training;1;calcium-Ca
0;453;0;Training;9;potasium-K
0;454;0;Training;8;phosphorus-P
0;455;0;Training;7;nitrogen-N
0;457;0;Training;6;more-deficiencies
0;458;0;Training;0;boron-B
0;459;0;Training;3;iron-Fe
0;460;0;Training;1;calcium-Ca
0;461;0;Training;8;phosphorus-P
0;462;0;Training;7;nitrogen-N
0;463;0;Training;6;more-deficiencies
0;465;0;Training;6;more-deficiencies
0;466;0;Training;1;calcium-Ca
0;467;0;Training;8;phosphorus-P
0;468;0;Training;5;manganese-Mn
0;469;0;Training;6;more-deficiencies
0;470;0;Training;5;manganese-Mn
0;471;0;Training;8;phosphorus-P
0;472;0;Training;7;nitrogen-N
0;473;0;Training;6;more-deficiencies
0;476;0;Training;0;boron-B
0;477;0;Training;3;iron-Fe
0;478;0;Training;9;potasium-K
0;479;0;Training;4;magnesium-Mg
0;480;0;Training;8;phosphorus-P
0;481;0;Training;6;more-deficiencies
0;482;0;Training;3;iron-Fe
0;483;0;Training;1;calcium-Ca
0;484;0;Training;1;calcium-Ca
0;485;0;Training;8;phosphorus-P
0;486;0;Training;1;calcium-Ca
0;488;0;Training;3;iron-Fe
0;490;0;Training;9;potasium-K
0;492;0;Training;8;phosphorus-P
0;493;0;Training;1;calcium-Ca
0;494;0;Training;8;phosphorus-P
0;495;0;Training;8;phosphorus-P
0;497;0;Training;1;calcium-Ca
0;498;0;Training;8;phosphorus-P
0;499;0;Training;4;magnesium-Mg
0;500;0;Training;8;phosphorus-P
0;501;0;Training;8;phosphorus-P
0;502;0;Training;1;calcium-Ca
0;504;0;Training;1;calcium-Ca
0;505;0;Training;8;phosphorus-P
0;506;0;Training;4;magnesium-Mg
0;507;0;Training;8;phosphorus-P
0;508;0;Training;0;boron-B
0;509;0;Training;0;boron-B
0;510;0;Training;1;calcium-Ca
0;511;0;Training;1;calcium-Ca
0;512;0;Training;9;potasium-K
0;513;0;Training;6;more-deficiencies
0;514;0;Training;6;more-deficiencies
0;515;0;Training;4;magnesium-Mg
0;516;0;Training;1;calcium-Ca
0;518;0;Training;0;boron-B
0;519;0;Training;8;phosphorus-P
0;520;0;Training;8;phosphorus-P
0;521;0;Training;1;calcium-Ca
0;522;0;Training;0;boron-B
0;523;0;Training;0;boron-B
0;524;0;Training;0;boron-B
0;525;0;Training;9;potasium-K
0;529;0;Training;8;phosphorus-P
0;530;0;Training;1;calcium-Ca
0;531;0;Training;8;phosphorus-P
0;532;0;Training;6;more-deficiencies
0;533;0;Training;0;boron-B
0;534;0;Training;7;nitrogen-N
0;535;0;Training;3;iron-Fe
0;538;0;Training;5;manganese-Mn
0;539;0;Training;4;magnesium-Mg
0;540;0;Training;3;iron-Fe
0;541;0;Training;7;nitrogen-N
0;542;0;Training;9;potasium-K
0;545;0;Training;1;calcium-Ca
0;546;0;Training;0;boron-B
0;549;0;Training;5;manganese-Mn
0;550;0;Training;7;nitrogen-N
0;551;0;Training;8;phosphorus-P
0;552;0;Training;0;boron-B
0;553;0;Training;3;iron-Fe
0;555;0;Training;8;phosphorus-P
0;556;0;Training;8;phosphorus-P
0;557;0;Training;8;phosphorus-P
0;558;0;Training;1;calcium-Ca
0;559;0;Training;6;more-deficiencies
0;560;0;Training;8;phosphorus-P
0;561;0;Training;7;nitrogen-N
0;562;0;Training;7;nitrogen-N
0;563;0;Training;1;calcium-Ca
0;564;0;Training;8;phosphorus-P
0;566;0;Training;5;manganese-Mn
0;567;0;Training;1;calcium-Ca
0;569;0;Training;1;calcium-Ca
0;570;0;Training;4;magnesium-Mg
0;571;0;Training;0;boron-B
0;573;0;Training;8;phosphorus-P
0;574;0;Training;9;potasium-K
0;575;0;Training;9;potasium-K
0;576;0;Training;6;more-deficiencies
0;577;0;Training;7;nitrogen-N
0;579;0;Training;4;magnesium-Mg
0;580;0;Training;9;potasium-K
0;581;0;Training;1;calcium-Ca
0;582;0;Training;1;calcium-Ca
0;583;0;Training;8;phosphorus-P
0;584;0;Training;8;phosphorus-P
0;585;0;Training;8;phosphorus-P
0;587;0;Training;9;potasium-K
0;589;0;Training;0;boron-B
0;590;0;Training;4;magnesium-Mg
0;591;0;Training;6;more-deficiencies
0;592;0;Training;8;phosphorus-P
0;593;0;Training;0;boron-B
0;594;0;Training;9;potasium-K
0;595;0;Training;9;potasium-K
0;596;0;Training;1;calcium-Ca
0;597;0;Training;8;phosphorus-P
0;601;0;Training;1;calcium-Ca
0;602;0;Training;6;more-deficiencies
0;603;0;Training;0;boron-B
0;604;0;Training;3;iron-Fe
0;605;0;Training;3;iron-Fe
0;606;0;Training;1;calcium-Ca
0;607;0;Training;1;calcium-Ca
0;608;0;Training;7;nitrogen-N
0;609;0;Training;1;calcium-Ca
0;610;0;Training;1;calcium-Ca
0;612;0;Training;8;phosphorus-P
0;613;0;Training;0;boron-B
0;614;0;Training;0;boron-B
0;615;0;Training;6;more-deficiencies
0;617;0;Training;4;magnesium-Mg
0;618;0;Training;6;more-deficiencies
0;619;0;Training;6;more-deficiencies
0;620;0;Training;4;magnesium-Mg
0;621;0;Training;8;phosphorus-P
0;622;0;Training;0;boron-B
0;623;0;Training;9;potasium-K
0;624;0;Training;6;more-deficiencies
0;625;0;Training;2;healthy
0;626;0;Training;8;phosphorus-P
0;629;0;Training;5;manganese-Mn
0;630;0;Training;8;phosphorus-P
0;631;0;Training;6;more-deficiencies
0;632;0;Training;5;manganese-Mn
0;633;0;Training;8;phosphorus-P
0;634;0;Training;1;calcium-Ca
0;635;0;Training;5;manganese-Mn
0;638;0;Training;6;more-deficiencies
0;639;0;Training;1;calcium-Ca
0;640;0;Training;0;boron-B
0;641;0;Training;4;magnesium-Mg
0;643;0;Training;1;calcium-Ca
0;644;0;Training;7;nitrogen-N
0;645;0;Training;1;calcium-Ca
0;646;0;Training;0;boron-B
0;647;0;Training;8;phosphorus-P
0;648;0;Training;9;potasium-K
0;649;0;Training;8;phosphorus-P
0;650;0;Training;7;nitrogen-N
0;651;0;Training;5;manganese-Mn
0;652;0;Training;6;more-deficiencies
0;653;0;Training;6;more-deficiencies
0;654;0;Training;9;potasium-K
0;655;0;Training;5;manganese-Mn
0;656;0;Training;0;boron-B
0;657;0;Training;8;phosphorus-P
0;658;0;Training;8;phosphorus-P
0;659;0;Training;3;iron-Fe
0;662;0;Training;4;magnesium-Mg
0;663;0;Training;6;more-deficiencies
0;664;0;Training;1;calcium-Ca
0;665;0;Training;9;potasium-K
0;666;0;Training;4;magnesium-Mg
0;667;0;Training;6;more-deficiencies
0;668;0;Training;8;phosphorus-P
0;669;0;Training;5;manganese-Mn
0;670;0;Training;8;phosphorus-P
0;671;0;Training;0;boron-B
0;672;0;Training;1;calcium-Ca
0;673;0;Training;9;potasium-K
0;674;0;Training;8;phosphorus-P
0;675;0;Training;8;phosphorus-P
0;677;0;Training;8;phosphorus-P
0;678;0;Training;6;more-deficiencies
0;679;0;Training;4;magnesium-Mg
0;680;0;Training;9;potasium-K
0;681;0;Training;6;more-deficiencies
0;682;0;Training;0;boron-B
0;683;0;Training;0;boron-B
0;684;0;Training;5;manganese-Mn
0;685;0;Training;8;phosphorus-P
0;686;0;Training;1;calcium-Ca
0;688;0;Training;1;calcium-Ca
0;689;0;Training;8;phosphorus-P
0;690;0;Training;5;manganese-Mn
0;693;0;Training;8;phosphorus-P
0;695;0;Training;1;calcium-Ca
0;696;0;Training;9;potasium-K
0;697;0;Training;1;calcium-Ca
0;698;0;Training;3;iron-Fe
0;699;0;Training;5;manganese-Mn
0;701;0;Training;4;magnesium-Mg
0;702;0;Training;5;manganese-Mn
0;703;0;Training;9;potasium-K
0;704;0;Training;1;calcium-Ca
0;705;0;Training;9;potasium-K
0;706;0;Training;9;potasium-K
0;708;0;Training;8;phosphorus-P
0;709;0;Training;0;boron-B
0;710;0;Training;4;magnesium-Mg
0;711;0;Training;4;magnesium-Mg
0;712;0;Training;8;phosphorus-P
0;713;0;Training;1;calcium-Ca
0;714;0;Training;9;potasium-K
0;715;0;Training;1;calcium-Ca
0;716;0;Training;8;phosphorus-P
0;717;0;Training;4;magnesium-Mg
0;718;0;Training;0;boron-B
0;720;0;Training;3;iron-Fe
0;721;0;Training;8;phosphorus-P
0;722;0;Training;9;potasium-K
0;724;0;Training;8;phosphorus-P
0;725;0;Training;3;iron-Fe
0;727;0;Training;1;calcium-Ca
0;730;0;Training;7;nitrogen-N
0;731;0;Training;7;nitrogen-N
0;732;0;Training;8;phosphorus-P
0;734;0;Training;3;iron-Fe
0;735;0;Training;9;potasium-K
0;736;0;Training;6;more-deficiencies
0;737;0;Training;1;calcium-Ca
0;738;0;Training;6;more-deficiencies
0;739;0;Training;8;phosphorus-P
0;740;0;Training;1;calcium-Ca
0;741;0;Training;6;more-deficiencies
0;742;0;Training;3;iron-Fe
0;744;0;Training;4;magnesium-Mg
0;745;0;Training;8;phosphorus-P
0;746;0;Training;8;phosphorus-P
0;747;0;Training;0;boron-B
0;749;0;Training;6;more-deficiencies
0;750;0;Training;8;phosphorus-P
0;751;0;Training;1;calcium-Ca
0;752;0;Training;5;manganese-Mn
0;753;0;Training;8;phosphorus-P
0;754;0;Training;8;phosphorus-P
0;755;0;Training;1;calcium-Ca
0;757;0;Training;1;calcium-Ca
0;758;0;Training;9;potasium-K
0;759;0;Training;7;nitrogen-N
0;760;0;Training;3;iron-Fe
0;761;0;Training;1;calcium-Ca
0;762;0;Training;8;phosphorus-P
0;763;0;Training;1;calcium-Ca
0;764;0;Training;8;phosphorus-P
0;765;0;Training;0;boron-B
0;767;0;Training;8;phosphorus-P
0;768;0;Training;8;phosphorus-P
0;769;0;Training;7;nitrogen-N
0;771;0;Training;4;magnesium-Mg
0;772;0;Training;9;potasium-K
0;774;0;Training;1;calcium-Ca
0;776;0;Training;9;potasium-K
0;777;0;Training;8;phosphorus-P
0;778;0;Training;1;calcium-Ca
0;779;0;Training;8;phosphorus-P
0;780;0;Training;6;more-deficiencies
0;781;0;Training;0;boron-B
0;782;0;Training;5;manganese-Mn
0;784;0;Training;1;calcium-Ca
0;785;0;Training;8;phosphorus-P
0;786;0;Training;4;magnesium-Mg
0;787;0;Training;4;magnesium-Mg
0;790;0;Training;5;manganese-Mn
0;792;0;Training;4;magnesium-Mg
0;794;0;Training;7;nitrogen-N
0;795;0;Training;8;phosphorus-P
0;796;0;Training;8;phosphorus-P
0;797;0;Training;1;calcium-Ca
0;799;0;Training;5;manganese-Mn
0;800;0;Training;5;manganese-Mn
0;803;0;Training;8;phosphorus-P
1;4;0;Testing;7;nitrogen-N
1;6;0;Testing;0;boron-B
1;11;0;Testing;8;phosphorus-P
1;20;0;Testing;5;manganese-Mn
1;25;0;Testing;7;nitrogen-N
1;28;0;Testing;3;iron-Fe
1;42;0;Testing;8;phosphorus-P
1;45;0;Testing;0;boron-B
1;46;0;Testing;2;healthy
1;50;0;Testing;8;phosphorus-P
1;55;0;Testing;0;boron-B
1;56;0;Testing;4;magnesium-Mg
1;60;0;Testing;6;more-deficiencies
1;61;0;Testing;6;more-deficiencies
1;70;0;Testing;7;nitrogen-N
1;73;0;Testing;8;phosphorus-P
1;76;0;Testing;1;calcium-Ca
1;81;0;Testing;5;manganese-Mn
1;84;0;Testing;7;nitrogen-N
1;94;0;Testing;1;calcium-Ca
1;96;0;Testing;1;calcium-Ca
1;100;0;Testing;4;magnesium-Mg
1;111;0;Testing;8;phosphorus-P
1;117;0;Testing;9;potasium-K
1;124;0;Testing;5;manganese-Mn
1;126;0;Testing;8;phosphorus-P
1;148;0;Testing;8;phosphorus-P
1;164;0;Testing;8;phosphorus-P
1;178;0;Testing;4;magnesium-Mg
1;183;0;Testing;8;phosphorus-P
1;186;0;Testing;5;manganese-Mn
1;189;0;Testing;8;phosphorus-P
1;198;0;Testing;6;more-deficiencies
1;201;0;Testing;6;more-deficiencies
1;204;0;Testing;7;nitrogen-N
1;208;0;Testing;9;potasium-K
1;210;0;Testing;1;calcium-Ca
1;211;0;Testing;0;boron-B
1;213;0;Testing;5;manganese-Mn
1;224;0;Testing;0;boron-B
1;225;0;Testing;3;iron-Fe
1;226;0;Testing;8;phosphorus-P
1;228;0;Testing;5;manganese-Mn
1;229;0;Testing;1;calcium-Ca
1;233;0;Testing;4;magnesium-Mg
1;236;0;Testing;0;boron-B
1;239;0;Testing;1;calcium-Ca
1;240;0;Testing;0;boron-B
1;249;0;Testing;0;boron-B
1;255;0;Testing;8;phosphorus-P
1;259;0;Testing;8;phosphorus-P
1;264;0;Testing;6;more-deficiencies
1;268;0;Testing;6;more-deficiencies
1;269;0;Testing;0;boron-B
1;270;0;Testing;1;calcium-Ca
1;283;0;Testing;7;nitrogen-N
1;289;0;Testing;8;phosphorus-P
1;296;0;Testing;5;manganese-Mn
1;298;0;Testing;0;boron-B
1;305;0;Testing;8;phosphorus-P
1;311;0;Testing;5;manganese-Mn
1;322;0;Testing;5;manganese-Mn
1;323;0;Testing;9;potasium-K
1;328;0;Testing;8;phosphorus-P
1;329;0;Testing;6;more-deficiencies
1;332;0;Testing;7;nitrogen-N
1;338;0;Testing;8;phosphorus-P
1;341;0;Testing;8;phosphorus-P
1;344;0;Testing;8;phosphorus-P
1;347;0;Testing;6;more-deficiencies
1;353;0;Testing;3;iron-Fe
1;354;0;Testing;6;more-deficiencies
1;357;0;Testing;5;manganese-Mn
1;358;0;Testing;5;manganese-Mn
1;361;0;Testing;8;phosphorus-P
1;364;0;Testing;3;iron-Fe
1;366;0;Testing;1;calcium-Ca
1;369;0;Testing;8;phosphorus-P
1;370;0;Testing;6;more-deficiencies
1;372;0;Testing;8;phosphorus-P
1;373;0;Testing;8;phosphorus-P
1;379;0;Testing;1;calcium-Ca
1;380;0;Testing;4;magnesium-Mg
1;382;0;Testing;7;nitrogen-N
1;385;0;Testing;6;more-deficiencies
1;387;0;Testing;9;potasium-K
1;393;0;Testing;8;phosphorus-P
1;399;0;Testing;8;phosphorus-P
1;405;0;Testing;9;potasium-K
1;416;0;Testing;8;phosphorus-P
1;438;0;Testing;8;phosphorus-P
1;439;0;Testing;8;phosphorus-P
1;449;0;Testing;1;calcium-Ca
1;450;0;Testing;9;potasium-K
1;452;0;Testing;9;potasium-K
1;456;0;Testing;9;potasium-K
1;464;0;Testing;0;boron-B
1;474;0;Testing;9;potasium-K
1;475;0;Testing;8;phosphorus-P
1;487;0;Testing;7;nitrogen-N
1;489;0;Testing;3;iron-Fe
1;491;0;Testing;1;calcium-Ca
1;496;0;Testing;3;iron-Fe
1;503;0;Testing;4;magnesium-Mg
1;517;0;Testing;4;magnesium-Mg
1;526;0;Testing;9;potasium-K
1;527;0;Testing;8;phosphorus-P
1;528;0;Testing;1;calcium-Ca
1;536;0;Testing;4;magnesium-Mg
1;537;0;Testing;1;calcium-Ca
1;543;0;Testing;1;calcium-Ca
1;544;0;Testing;1;calcium-Ca
1;547;0;Testing;1;calcium-Ca
1;548;0;Testing;4;magnesium-Mg
1;554;0;Testing;3;iron-Fe
1;565;0;Testing;8;phosphorus-P
1;568;0;Testing;1;calcium-Ca
1;572;0;Testing;8;phosphorus-P
1;578;0;Testing;1;calcium-Ca
1;586;0;Testing;9;potasium-K
1;588;0;Testing;3;iron-Fe
1;598;0;Testing;8;phosphorus-P
1;599;0;Testing;1;calcium-Ca
1;600;0;Testing;5;manganese-Mn
1;611;0;Testing;8;phosphorus-P
1;616;0;Testing;1;calcium-Ca
1;627;0;Testing;4;magnesium-Mg
1;628;0;Testing;8;phosphorus-P
1;636;0;Testing;1;calcium-Ca
1;637;0;Testing;0;boron-B
1;642;0;Testing;1;calcium-Ca
1;660;0;Testing;9;potasium-K
1;661;0;Testing;1;calcium-Ca
1;676;0;Testing;6;more-deficiencies
1;687;0;Testing;1;calcium-Ca
1;691;0;Testing;6;more-deficiencies
1;692;0;Testing;8;phosphorus-P
1;694;0;Testing;9;potasium-K
1;700;0;Testing;5;manganese-Mn
1;707;0;Testing;0;boron-B
1;719;0;Testing;8;phosphorus-P
1;723;0;Testing;9;potasium-K
1;726;0;Testing;3;iron-Fe
1;728;0;Testing;1;calcium-Ca
1;729;0;Testing;8;phosphorus-P
1;733;0;Testing;1;calcium-Ca
1;743;0;Testing;6;more-deficiencies
1;748;0;Testing;7;nitrogen-N
1;756;0;Testing;0;boron-B
1;766;0;Testing;6;more-deficiencies
1;770;0;Testing;8;phosphorus-P
1;773;0;Testing;6;more-deficiencies
1;775;0;Testing;0;boron-B
1;783;0;Testing;0;boron-B
1;788;0;Testing;3;iron-Fe
1;789;0;Testing;9;potasium-K
1;791;0;Testing;8;phosphorus-P
1;793;0;Testing;4;magnesium-Mg
1;798;0;Testing;6;more-deficiencies
1;801;0;Testing;3;iron-Fe
1;802;0;Testing;4;magnesium-Mg
2;0;1;Training;8;phosphorus-P
2;1;1;Training;4;magnesium-Mg
2;2;1;Training;6;more-deficiencies
2;3;1;Training;1;calcium-Ca
2;4;1;Training;7;nitrogen-N
2;6;1;Training;0;boron-B
2;8;1;Training;7;nitrogen-N
2;9;1;Training;8;phosphorus-P
2;10;1;Training;3;iron-Fe
2;11;1;Training;8;phosphorus-P
2;13;1;Training;5;manganese-Mn
2;15;1;Training;5;manganese-Mn
2;17;1;Training;4;magnesium-Mg
2;19;1;Training;5;manganese-Mn
2;20;1;Training;5;manganese-Mn
2;22;1;Training;1;calcium-Ca
2;23;1;Training;8;phosphorus-P
2;25;1;Training;7;nitrogen-N
2;26;1;Training;1;calcium-Ca
2;27;1;Training;8;phosphorus-P
2;28;1;Training;3;iron-Fe
2;31;1;Training;5;manganese-Mn
2;34;1;Training;7;nitrogen-N
2;35;1;Training;5;manganese-Mn
2;36;1;Training;1;calcium-Ca
2;37;1;Training;0;boron-B
2;38;1;Training;0;boron-B
2;39;1;Training;9;potasium-K
2;40;1;Training;1;calcium-Ca
2;41;1;Training;4;magnesium-Mg
2;42;1;Training;8;phosphorus-P
2;43;1;Training;9;potasium-K
2;44;1;Training;8;phosphorus-P
2;45;1;Training;0;boron-B
2;46;1;Training;2;healthy
2;47;1;Training;0;boron-B
2;48;1;Training;8;phosphorus-P
2;49;1;Training;4;magnesium-Mg
2;50;1;Training;8;phosphorus-P
2;51;1;Training;6;more-deficiencies
2;54;1;Training;3;iron-Fe
2;55;1;Training;0;boron-B
2;56;1;Training;4;magnesium-Mg
2;57;1;Training;1;calcium-Ca
2;58;1;Training;0;boron-B
2;59;1;Training;8;phosphorus-P
2;60;1;Training;6;more-deficiencies
2;61;1;Training;6;more-deficiencies
2;63;1;Training;8;phosphorus-P
2;64;1;Training;2;healthy
2;65;1;Training;6;more-deficiencies
2;66;1;Training;8;phosphorus-P
2;67;1;Training;8;phosphorus-P
2;68;1;Training;6;more-deficiencies
2;69;1;Training;9;potasium-K
2;70;1;Training;7;nitrogen-N
2;71;1;Training;3;iron-Fe
2;72;1;Training;5;manganese-Mn
2;73;1;Training;8;phosphorus-P
2;75;1;Training;8;phosphorus-P
2;76;1;Training;1;calcium-Ca
2;77;1;Training;8;phosphorus-P
2;78;1;Training;7;nitrogen-N
2;79;1;Training;8;phosphorus-P
2;80;1;Training;8;phosphorus-P
2;81;1;Training;5;manganese-Mn
2;82;1;Training;3;iron-Fe
2;83;1;Training;4;magnesium-Mg
2;84;1;Training;7;nitrogen-N
2;85;1;Training;2;healthy
2;86;1;Training;6;more-deficiencies
2;92;1;Training;6;more-deficiencies
2;93;1;Training;8;phosphorus-P
2;94;1;Training;1;calcium-Ca
2;95;1;Training;9;potasium-K
2;96;1;Training;1;calcium-Ca
2;97;1;Training;5;manganese-Mn
2;99;1;Training;1;calcium-Ca
2;100;1;Training;4;magnesium-Mg
2;101;1;Training;9;potasium-K
2;102;1;Training;1;calcium-Ca
2;103;1;Training;6;more-deficiencies
2;104;1;Training;9;potasium-K
2;105;1;Training;8;phosphorus-P
2;106;1;Training;1;calcium-Ca
2;107;1;Training;9;potasium-K
2;108;1;Training;8;phosphorus-P
2;109;1;Training;0;boron-B
2;110;1;Training;1;calcium-Ca
2;111;1;Training;8;phosphorus-P
2;112;1;Training;6;more-deficiencies
2;113;1;Training;4;magnesium-Mg
2;115;1;Training;8;phosphorus-P
2;116;1;Training;1;calcium-Ca
2;117;1;Training;9;potasium-K
2;118;1;Training;5;manganese-Mn
2;120;1;Training;1;calcium-Ca
2;121;1;Training;5;manganese-Mn
2;122;1;Training;8;phosphorus-P
2;123;1;Training;8;phosphorus-P
2;124;1;Training;5;manganese-Mn
2;125;1;Training;9;potasium-K
2;126;1;Training;8;phosphorus-P
2;127;1;Training;5;manganese-Mn
2;128;1;Training;0;boron-B
2;129;1;Training;8;phosphorus-P
2;130;1;Training;7;nitrogen-N
2;132;1;Training;4;magnesium-Mg
2;134;1;Training;8;phosphorus-P
2;135;1;Training;5;manganese-Mn
2;136;1;Training;7;nitrogen-N
2;137;1;Training;3;iron-Fe
2;140;1;Training;0;boron-B
2;142;1;Training;1;calcium-Ca
2;143;1;Training;6;more-deficiencies
2;145;1;Training;3;iron-Fe
2;146;1;Training;9;potasium-K
2;148;1;Training;8;phosphorus-P
2;149;1;Training;1;calcium-Ca
2;150;1;Training;7;nitrogen-N
2;151;1;Training;8;phosphorus-P
2;153;1;Training;9;potasium-K
2;154;1;Training;1;calcium-Ca
2;155;1;Training;5;manganese-Mn
2;156;1;Training;4;magnesium-Mg
2;159;1;Training;6;more-deficiencies
2;160;1;Training;9;potasium-K
2;161;1;Training;3;iron-Fe
2;163;1;Training;7;nitrogen-N
2;164;1;Training;8;phosphorus-P
2;165;1;Training;6;more-deficiencies
2;167;1;Training;6;more-deficiencies
2;169;1;Training;1;calcium-Ca
2;170;1;Training;8;phosphorus-P
2;171;1;Training;8;phosphorus-P
2;173;1;Training;0;boron-B
2;174;1;Training;6;more-deficiencies
2;175;1;Training;8;phosphorus-P
2;176;1;Training;9;potasium-K
2;177;1;Training;3;iron-Fe
2;178;1;Training;4;magnesium-Mg
2;179;1;Training;1;calcium-Ca
2;180;1;Training;8;phosphorus-P
2;181;1;Training;9;potasium-K
2;182;1;Training;8;phosphorus-P
2;183;1;Training;8;phosphorus-P
2;184;1;Training;4;magnesium-Mg
2;185;1;Training;0;boron-B
2;186;1;Training;5;manganese-Mn
2;187;1;Training;0;boron-B
2;188;1;Training;0;boron-B
2;189;1;Training;8;phosphorus-P
2;190;1;Training;4;magnesium-Mg
2;191;1;Training;0;boron-B
2;192;1;Training;8;phosphorus-P
2;194;1;Training;1;calcium-Ca
2;197;1;Training;1;calcium-Ca
2;198;1;Training;6;more-deficiencies
2;199;1;Training;8;phosphorus-P
2;200;1;Training;6;more-deficiencies
2;201;1;Training;6;more-deficiencies
2;202;1;Training;7;nitrogen-N
2;203;1;Training;9;potasium-K
2;204;1;Training;7;nitrogen-N
2;205;1;Training;6;more-deficiencies
2;207;1;Training;3;iron-Fe
2;208;1;Training;9;potasium-K
2;209;1;Training;0;boron-B
2;210;1;Training;1;calcium-Ca
2;211;1;Training;0;boron-B
2;212;1;Training;3;iron-Fe
2;213;1;Training;5;manganese-Mn
2;214;1;Training;5;manganese-Mn
2;215;1;Training;5;manganese-Mn
2;217;1;Training;8;phosphorus-P
2;219;1;Training;6;more-deficiencies
2;220;1;Training;1;calcium-Ca
2;221;1;Training;3;iron-Fe
2;222;1;Training;8;phosphorus-P
2;223;1;Training;0;boron-B
2;224;1;Training;0;boron-B
2;225;1;Training;3;iron-Fe
2;226;1;Training;8;phosphorus-P
2;227;1;Training;8;phosphorus-P
2;228;1;Training;5;manganese-Mn
2;229;1;Training;1;calcium-Ca
2;230;1;Training;1;calcium-Ca
2;231;1;Training;1;calcium-Ca
2;232;1;Training;1;calcium-Ca
2;233;1;Training;4;magnesium-Mg
2;235;1;Training;7;nitrogen-N
2;236;1;Training;0;boron-B
2;237;1;Training;8;phosphorus-P
2;238;1;Training;0;boron-B
2;239;1;Training;1;calcium-Ca
2;240;1;Training;0;boron-B
2;242;1;Training;6;more-deficiencies
2;243;1;Training;9;potasium-K
2;245;1;Training;9;potasium-K
2;246;1;Training;6;more-deficiencies
2;248;1;Training;5;manganese-Mn
2;249;1;Training;0;boron-B
2;250;1;Training;0;boron-B
2;251;1;Training;8;phosphorus-P
2;252;1;Training;1;calcium-Ca
2;255;1;Training;8;phosphorus-P
2;256;1;Training;4;magnesium-Mg
2;257;1;Training;0;boron-B
2;259;1;Training;8;phosphorus-P
2;260;1;Training;3;iron-Fe
2;262;1;Training;8;phosphorus-P
2;263;1;Training;6;more-deficiencies
2;264;1;Training;6;more-deficiencies
2;265;1;Training;0;boron-B
2;266;1;Training;1;calcium-Ca
2;267;1;Training;6;more-deficiencies
2;268;1;Training;6;more-deficiencies
2;269;1;Training;0;boron-B
2;270;1;Training;1;calcium-Ca
2;271;1;Training;8;phosphorus-P
2;272;1;Training;4;magnesium-Mg
2;275;1;Training;5;manganese-Mn
2;278;1;Training;1;calcium-Ca
2;279;1;Training;6;more-deficiencies
2;281;1;Training;1;calcium-Ca
2;282;1;Training;1;calcium-Ca
2;283;1;Training;7;nitrogen-N
2;284;1;Training;5;manganese-Mn
2;285;1;Training;0;boron-B
2;287;1;Training;8;phosphorus-P
2;288;1;Training;8;phosphorus-P
2;289;1;Training;8;phosphorus-P
2;291;1;Training;5;manganese-Mn
2;294;1;Training;4;magnesium-Mg
2;295;1;Training;8;phosphorus-P
2;296;1;Training;5;manganese-Mn
2;297;1;Training;8;phosphorus-P
2;298;1;Training;0;boron-B
2;300;1;Training;0;boron-B
2;301;1;Training;5;manganese-Mn
2;302;1;Training;5;manganese-Mn
2;303;1;Training;6;more-deficiencies
2;304;1;Training;8;phosphorus-P
2;305;1;Training;8;phosphorus-P
2;306;1;Training;9;potasium-K
2;307;1;Training;3;iron-Fe
2;308;1;Training;3;iron-Fe
2;309;1;Training;3;iron-Fe
2;311;1;Training;5;manganese-Mn
2;314;1;Training;7;nitrogen-N
2;315;1;Training;8;phosphorus-P
2;316;1;Training;8;phosphorus-P
2;317;1;Training;0;boron-B
2;318;1;Training;6;more-deficiencies
2;319;1;Training;3;iron-Fe
2;320;1;Training;0;boron-B
2;321;1;Training;8;phosphorus-P
2;322;1;Training;5;manganese-Mn
2;323;1;Training;9;potasium-K
2;324;1;Training;0;boron-B
2;325;1;Training;7;nitrogen-N
2;326;1;Training;5;manganese-Mn
2;328;1;Training;8;phosphorus-P
2;329;1;Training;6;more-deficiencies
2;330;1;Training;9;potasium-K
2;331;1;Training;8;phosphorus-P
2;332;1;Training;7;nitrogen-N
2;333;1;Training;1;calcium-Ca
2;334;1;Training;9;potasium-K
2;335;1;Training;6;more-deficiencies
2;337;1;Training;9;potasium-K
2;338;1;Training;8;phosphorus-P
2;339;1;Training;8;phosphorus-P
2;340;1;Training;8;phosphorus-P
2;341;1;Training;8;phosphorus-P
2;342;1;Training;1;calcium-Ca
2;344;1;Training;8;phosphorus-P
2;345;1;Training;0;boron-B
2;347;1;Training;6;more-deficiencies
2;349;1;Training;5;manganese-Mn
2;350;1;Training;4;magnesium-Mg
2;351;1;Training;1;calcium-Ca
2;353;1;Training;3;iron-Fe
2;354;1;Training;6;more-deficiencies
2;355;1;Training;7;nitrogen-N
2;356;1;Training;8;phosphorus-P
2;357;1;Training;5;manganese-Mn
2;358;1;Training;5;manganese-Mn
2;359;1;Training;8;phosphorus-P
2;360;1;Training;4;magnesium-Mg
2;361;1;Training;8;phosphorus-P
2;362;1;Training;4;magnesium-Mg
2;363;1;Training;3;iron-Fe
2;364;1;Training;3;iron-Fe
2;365;1;Training;7;nitrogen-N
2;366;1;Training;1;calcium-Ca
2;367;1;Training;6;more-deficiencies
2;369;1;Training;8;phosphorus-P
2;370;1;Training;6;more-deficiencies
2;371;1;Training;8;phosphorus-P
2;372;1;Training;8;phosphorus-P
2;373;1;Training;8;phosphorus-P
2;374;1;Training;8;phosphorus-P
2;375;1;Training;8;phosphorus-P
2;376;1;Training;6;more-deficiencies
2;377;1;Training;8;phosphorus-P
2;378;1;Training;1;calcium-Ca
2;379;1;Training;1;calcium-Ca
2;380;1;Training;4;magnesium-Mg
2;381;1;Training;8;phosphorus-P
2;382;1;Training;7;nitrogen-N
2;383;1;Training;4;magnesium-Mg
2;384;1;Training;1;calcium-Ca
2;385;1;Training;6;more-deficiencies
2;386;1;Training;7;nitrogen-N
2;387;1;Training;9;potasium-K
2;389;1;Training;4;magnesium-Mg
2;391;1;Training;5;manganese-Mn
2;392;1;Training;3;iron-Fe
2;393;1;Training;8;phosphorus-P
2;396;1;Training;8;phosphorus-P
2;397;1;Training;1;calcium-Ca
2;398;1;Training;8;phosphorus-P
2;399;1;Training;8;phosphorus-P
2;400;1;Training;9;potasium-K
2;401;1;Training;8;phosphorus-P
2;403;1;Training;9;potasium-K
2;404;1;Training;8;phosphorus-P
2;405;1;Training;9;potasium-K
2;406;1;Training;1;calcium-Ca
2;408;1;Training;8;phosphorus-P
2;410;1;Training;1;calcium-Ca
2;411;1;Training;0;boron-B
2;412;1;Training;3;iron-Fe
2;414;1;Training;8;phosphorus-P
2;416;1;Training;8;phosphorus-P
2;417;1;Training;9;potasium-K
2;418;1;Training;9;potasium-K
2;419;1;Training;9;potasium-K
2;421;1;Training;9;potasium-K
2;422;1;Training;7;nitrogen-N
2;424;1;Training;9;potasium-K
2;428;1;Training;7;nitrogen-N
2;429;1;Training;8;phosphorus-P
2;430;1;Training;5;manganese-Mn
2;431;1;Training;8;phosphorus-P
2;433;1;Training;8;phosphorus-P
2;434;1;Training;6;more-deficiencies
2;435;1;Training;4;magnesium-Mg
2;436;1;Training;4;magnesium-Mg
2;437;1;Training;0;boron-B
2;438;1;Training;8;phosphorus-P
2;439;1;Training;8;phosphorus-P
2;440;1;Training;8;phosphorus-P
2;441;1;Training;0;boron-B
2;442;1;Training;1;calcium-Ca
2;446;1;Training;1;calcium-Ca
2;447;1;Training;8;phosphorus-P
2;448;1;Training;1;calcium-Ca
2;449;1;Training;1;calcium-Ca
2;450;1;Training;9;potasium-K
2;451;1;Training;1;calcium-Ca
2;452;1;Training;9;potasium-K
2;453;1;Training;9;potasium-K
2;454;1;Training;8;phosphorus-P
2;455;1;Training;7;nitrogen-N
2;456;1;Training;9;potasium-K
2;457;1;Training;6;more-deficiencies
2;458;1;Training;0;boron-B
2;459;1;Training;3;iron-Fe
2;461;1;Training;8;phosphorus-P
2;462;1;Training;7;nitrogen-N
2;463;1;Training;6;more-deficiencies
2;464;1;Training;0;boron-B
2;465;1;Training;6;more-deficiencies
2;469;1;Training;6;more-deficiencies
2;471;1;Training;8;phosphorus-P
2;472;1;Training;7;nitrogen-N
2;473;1;Training;6;more-deficiencies
2;474;1;Training;9;potasium-K
2;475;1;Training;8;phosphorus-P
2;476;1;Training;0;boron-B
2;477;1;Training;3;iron-Fe
2;478;1;Training;9;potasium-K
2;479;1;Training;4;magnesium-Mg
2;481;1;Training;6;more-deficiencies
2;483;1;Training;1;calcium-Ca
2;484;1;Training;1;calcium-Ca
2;485;1;Training;8;phosphorus-P
2;486;1;Training;1;calcium-Ca
2;487;1;Training;7;nitrogen-N
2;488;1;Training;3;iron-Fe
2;489;1;Training;3;iron-Fe
2;490;1;Training;9;potasium-K
2;491;1;Training;1;calcium-Ca
2;492;1;Training;8;phosphorus-P
2;493;1;Training;1;calcium-Ca
2;494;1;Training;8;phosphorus-P
2;496;1;Training;3;iron-Fe
2;497;1;Training;1;calcium-Ca
2;498;1;Training;8;phosphorus-P
2;499;1;Training;4;magnesium-Mg
2;500;1;Training;8;phosphorus-P
2;502;1;Training;1;calcium-Ca
2;503;1;Training;4;magnesium-Mg
2;504;1;Training;1;calcium-Ca
2;505;1;Training;8;phosphorus-P
2;507;1;Training;8;phosphorus-P
2;508;1;Training;0;boron-B
2;509;1;Training;0;boron-B
2;511;1;Training;1;calcium-Ca
2;513;1;Training;6;more-deficiencies
2;515;1;Training;4;magnesium-Mg
2;516;1;Training;1;calcium-Ca
2;517;1;Training;4;magnesium-Mg
2;518;1;Training;0;boron-B
2;520;1;Training;8;phosphorus-P
2;521;1;Training;1;calcium-Ca
2;523;1;Training;0;boron-B
2;525;1;Training;9;potasium-K
2;526;1;Training;9;potasium-K
2;527;1;Training;8;phosphorus-P
2;528;1;Training;1;calcium-Ca
2;529;1;Training;8;phosphorus-P
2;530;1;Training;1;calcium-Ca
2;533;1;Training;0;boron-B
2;534;1;Training;7;nitrogen-N
2;536;1;Training;4;magnesium-Mg
2;537;1;Training;1;calcium-Ca
2;538;1;Training;5;manganese-Mn
2;539;1;Training;4;magnesium-Mg
2;540;1;Training;3;iron-Fe
2;541;1;Training;7;nitrogen-N
2;542;1;Training;9;potasium-K
2;543;1;Training;1;calcium-Ca
2;544;1;Training;1;calcium-Ca
2;545;1;Training;1;calcium-Ca
2;546;1;Training;0;boron-B
2;547;1;Training;1;calcium-Ca
2;548;1;Training;4;magnesium-Mg
2;549;1;Training;5;manganese-Mn
2;550;1;Training;7;nitrogen-N
2;551;1;Training;8;phosphorus-P
2;553;1;Training;3;iron-Fe
2;554;1;Training;3;iron-Fe
2;555;1;Training;8;phosphorus-P
2;556;1;Training;8;phosphorus-P
2;557;1;Training;8;phosphorus-P
2;559;1;Training;6;more-deficiencies
2;561;1;Training;7;nitrogen-N
2;562;1;Training;7;nitrogen-N
2;564;1;Training;8;phosphorus-P
2;565;1;Training;8;phosphorus-P
2;566;1;Training;5;manganese-Mn
2;567;1;Training;1;calcium-Ca
2;568;1;Training;1;calcium-Ca
2;569;1;Training;1;calcium-Ca
2;570;1;Training;4;magnesium-Mg
2;571;1;Training;0;boron-B
2;572;1;Training;8;phosphorus-P
2;573;1;Training;8;phosphorus-P
2;574;1;Training;9;potasium-K
2;576;1;Training;6;more-deficiencies
2;577;1;Training;7;nitrogen-N
2;578;1;Training;1;calcium-Ca
2;579;1;Training;4;magnesium-Mg
2;580;1;Training;9;potasium-K
2;581;1;Training;1;calcium-Ca
2;582;1;Training;1;calcium-Ca
2;583;1;Training;8;phosphorus-P
2;584;1;Training;8;phosphorus-P
2;585;1;Training;8;phosphorus-P
2;586;1;Training;9;potasium-K
2;587;1;Training;9;potasium-K
2;588;1;Training;3;iron-Fe
2;589;1;Training;0;boron-B
2;590;1;Training;4;magnesium-Mg
2;592;1;Training;8;phosphorus-P
2;593;1;Training;0;boron-B
2;594;1;Training;9;potasium-K
2;595;1;Training;9;potasium-K
2;597;1;Training;8;phosphorus-P
2;598;1;Training;8;phosphorus-P
2;599;1;Training;1;calcium-Ca
2;600;1;Training;5;manganese-Mn
2;602;1;Training;6;more-deficiencies
2;603;1;Training;0;boron-B
2;604;1;Training;3;iron-Fe
2;605;1;Training;3;iron-Fe
2;606;1;Training;1;calcium-Ca
2;608;1;Training;7;nitrogen-N
2;611;1;Training;8;phosphorus-P
2;613;1;Training;0;boron-B
2;614;1;Training;0;boron-B
2;615;1;Training;6;more-deficiencies
2;616;1;Training;1;calcium-Ca
2;617;1;Training;4;magnesium-Mg
2;618;1;Training;6;more-deficiencies
2;619;1;Training;6;more-deficiencies
2;621;1;Training;8;phosphorus-P
2;623;1;Training;9;potasium-K
2;624;1;Training;6;more-deficiencies
2;625;1;Training;2;healthy
2;626;1;Training;8;phosphorus-P
2;627;1;Training;4;magnesium-Mg
2;628;1;Training;8;phosphorus-P
2;629;1;Training;5;manganese-Mn
2;631;1;Training;6;more-deficiencies
2;633;1;Training;8;phosphorus-P
2;634;1;Training;1;calcium-Ca
2;636;1;Training;1;calcium-Ca
2;637;1;Training;0;boron-B
2;638;1;Training;6;more-deficiencies
2;639;1;Training;1;calcium-Ca
2;640;1;Training;0;boron-B
2;641;1;Training;4;magnesium-Mg
2;642;1;Training;1;calcium-Ca
2;644;1;Training;7;nitrogen-N
2;645;1;Training;1;calcium-Ca
2;647;1;Training;8;phosphorus-P
2;649;1;Training;8;phosphorus-P
2;650;1;Training;7;nitrogen-N
2;651;1;Training;5;manganese-Mn
2;653;1;Training;6;more-deficiencies
2;655;1;Training;5;manganese-Mn
2;656;1;Training;0;boron-B
2;657;1;Training;8;phosphorus-P
2;659;1;Training;3;iron-Fe
2;660;1;Training;9;potasium-K
2;661;1;Training;1;calcium-Ca
2;662;1;Training;4;magnesium-Mg
2;664;1;Training;1;calcium-Ca
2;665;1;Training;9;potasium-K
2;666;1;Training;4;magnesium-Mg
2;669;1;Training;5;manganese-Mn
2;670;1;Training;8;phosphorus-P
2;673;1;Training;9;potasium-K
2;675;1;Training;8;phosphorus-P
2;676;1;Training;6;more-deficiencies
2;678;1;Training;6;more-deficiencies
2;682;1;Training;0;boron-B
2;683;1;Training;0;boron-B
2;684;1;Training;5;manganese-Mn
2;686;1;Training;1;calcium-Ca
2;687;1;Training;1;calcium-Ca
2;689;1;Training;8;phosphorus-P
2;690;1;Training;5;manganese-Mn
2;691;1;Training;6;more-deficiencies
2;692;1;Training;8;phosphorus-P
2;694;1;Training;9;potasium-K
2;695;1;Training;1;calcium-Ca
2;696;1;Training;9;potasium-K
2;697;1;Training;1;calcium-Ca
2;698;1;Training;3;iron-Fe
2;699;1;Training;5;manganese-Mn
2;700;1;Training;5;manganese-Mn
2;701;1;Training;4;magnesium-Mg
2;702;1;Training;5;manganese-Mn
2;703;1;Training;9;potasium-K
2;704;1;Training;1;calcium-Ca
2;706;1;Training;9;potasium-K
2;707;1;Training;0;boron-B
2;708;1;Training;8;phosphorus-P
2;709;1;Training;0;boron-B
2;710;1;Training;4;magnesium-Mg
2;711;1;Training;4;magnesium-Mg
2;712;1;Training;8;phosphorus-P
2;713;1;Training;1;calcium-Ca
2;714;1;Training;9;potasium-K
2;715;1;Training;1;calcium-Ca
2;716;1;Training;8;phosphorus-P
2;717;1;Training;4;magnesium-Mg
2;718;1;Training;0;boron-B
2;719;1;Training;8;phosphorus-P
2;721;1;Training;8;phosphorus-P
2;723;1;Training;9;potasium-K
2;724;1;Training;8;phosphorus-P
2;725;1;Training;3;iron-Fe
2;726;1;Training;3;iron-Fe
2;727;1;Training;1;calcium-Ca
2;728;1;Training;1;calcium-Ca
2;729;1;Training;8;phosphorus-P
2;733;1;Training;1;calcium-Ca
2;734;1;Training;3;iron-Fe
2;735;1;Training;9;potasium-K
2;737;1;Training;1;calcium-Ca
2;738;1;Training;6;more-deficiencies
2;739;1;Training;8;phosphorus-P
2;741;1;Training;6;more-deficiencies
2;743;1;Training;6;more-deficiencies
2;745;1;Training;8;phosphorus-P
2;746;1;Training;8;phosphorus-P
2;748;1;Training;7;nitrogen-N
2;749;1;Training;6;more-deficiencies
2;750;1;Training;8;phosphorus-P
2;751;1;Training;1;calcium-Ca
2;752;1;Training;5;manganese-Mn
2;753;1;Training;8;phosphorus-P
2;754;1;Training;8;phosphorus-P
2;756;1;Training;0;boron-B
2;757;1;Training;1;calcium-Ca
2;759;1;Training;7;nitrogen-N
2;760;1;Training;3;iron-Fe
2;761;1;Training;1;calcium-Ca
2;762;1;Training;8;phosphorus-P
2;763;1;Training;1;calcium-Ca
2;765;1;Training;0;boron-B
2;766;1;Training;6;more-deficiencies
2;767;1;Training;8;phosphorus-P
2;768;1;Training;8;phosphorus-P
2;769;1;Training;7;nitrogen-N
2;770;1;Training;8;phosphorus-P
2;771;1;Training;4;magnesium-Mg
2;772;1;Training;9;potasium-K
2;773;1;Training;6;more-deficiencies
2;774;1;Training;1;calcium-Ca
2;775;1;Training;0;boron-B
2;776;1;Training;9;potasium-K
2;777;1;Training;8;phosphorus-P
2;778;1;Training;1;calcium-Ca
2;780;1;Training;6;more-deficiencies
2;781;1;Training;0;boron-B
2;782;1;Training;5;manganese-Mn
2;783;1;Training;0;boron-B
2;784;1;Training;1;calcium-Ca
2;785;1;Training;8;phosphorus-P
2;786;1;Training;4;magnesium-Mg
2;787;1;Training;4;magnesium-Mg
2;788;1;Training;3;iron-Fe
2;789;1;Training;9;potasium-K
2;790;1;Training;5;manganese-Mn
2;791;1;Training;8;phosphorus-P
2;792;1;Training;4;magnesium-Mg
2;793;1;Training;4;magnesium-Mg
2;794;1;Training;7;nitrogen-N
2;795;1;Training;8;phosphorus-P
2;796;1;Training;8;phosphorus-P
2;797;1;Training;1;calcium-Ca
2;798;1;Training;6;more-deficiencies
2;800;1;Training;5;manganese-Mn
2;801;1;Training;3;iron-Fe
2;802;1;Training;4;magnesium-Mg
2;803;1;Training;8;phosphorus-P
3;5;1;Testing;6;more-deficiencies
3;7;1;Testing;1;calcium-Ca
3;12;1;Testing;3;iron-Fe
3;14;1;Testing;3;iron-Fe
3;16;1;Testing;8;phosphorus-P
3;18;1;Testing;0;boron-B
3;21;1;Testing;9;potasium-K
3;24;1;Testing;1;calcium-Ca
3;29;1;Testing;8;phosphorus-P
3;30;1;Testing;5;manganese-Mn
3;32;1;Testing;8;phosphorus-P
3;33;1;Testing;6;more-deficiencies
3;52;1;Testing;9;potasium-K
3;53;1;Testing;2;healthy
3;62;1;Testing;8;phosphorus-P
3;74;1;Testing;8;phosphorus-P
3;87;1;Testing;7;nitrogen-N
3;88;1;Testing;8;phosphorus-P
3;89;1;Testing;4;magnesium-Mg
3;90;1;Testing;6;more-deficiencies
3;91;1;Testing;4;magnesium-Mg
3;98;1;Testing;8;phosphorus-P
3;114;1;Testing;8;phosphorus-P
3;119;1;Testing;3;iron-Fe
3;131;1;Testing;6;more-deficiencies
3;133;1;Testing;5;manganese-Mn
3;138;1;Testing;8;phosphorus-P
3;139;1;Testing;4;magnesium-Mg
3;141;1;Testing;6;more-deficiencies
3;144;1;Testing;7;nitrogen-N
3;147;1;Testing;7;nitrogen-N
3;152;1;Testing;8;phosphorus-P
3;157;1;Testing;5;manganese-Mn
3;158;1;Testing;7;nitrogen-N
3;162;1;Testing;4;magnesium-Mg
3;166;1;Testing;1;calcium-Ca
3;168;1;Testing;8;phosphorus-P
3;172;1;Testing;5;manganese-Mn
3;193;1;Testing;0;boron-B
3;195;1;Testing;8;phosphorus-P
3;196;1;Testing;8;phosphorus-P
3;206;1;Testing;8;phosphorus-P
3;216;1;Testing;7;nitrogen-N
3;218;1;Testing;3;iron-Fe
3;234;1;Testing;9;potasium-K
3;241;1;Testing;4;magnesium-Mg
3;244;1;Testing;1;calcium-Ca
3;247;1;Testing;8;phosphorus-P
3;253;1;Testing;1;calcium-Ca
3;254;1;Testing;3;iron-Fe
3;258;1;Testing;1;calcium-Ca
3;261;1;Testing;6;more-deficiencies
3;273;1;Testing;6;more-deficiencies
3;274;1;Testing;0;boron-B
3;276;1;Testing;5;manganese-Mn
3;277;1;Testing;7;nitrogen-N
3;280;1;Testing;8;phosphorus-P
3;286;1;Testing;9;potasium-K
3;290;1;Testing;1;calcium-Ca
3;292;1;Testing;6;more-deficiencies
3;293;1;Testing;9;potasium-K
3;299;1;Testing;1;calcium-Ca
3;310;1;Testing;8;phosphorus-P
3;312;1;Testing;1;calcium-Ca
3;313;1;Testing;3;iron-Fe
3;327;1;Testing;4;magnesium-Mg
3;336;1;Testing;7;nitrogen-N
3;343;1;Testing;0;boron-B
3;346;1;Testing;5;manganese-Mn
3;348;1;Testing;9;potasium-K
3;352;1;Testing;9;potasium-K
3;368;1;Testing;6;more-deficiencies
3;388;1;Testing;0;boron-B
3;390;1;Testing;1;calcium-Ca
3;394;1;Testing;8;phosphorus-P
3;395;1;Testing;4;magnesium-Mg
3;402;1;Testing;5;manganese-Mn
3;407;1;Testing;8;phosphorus-P
3;409;1;Testing;8;phosphorus-P
3;413;1;Testing;8;phosphorus-P
3;415;1;Testing;0;boron-B
3;420;1;Testing;7;nitrogen-N
3;423;1;Testing;1;calcium-Ca
3;425;1;Testing;5;manganese-Mn
3;426;1;Testing;8;phosphorus-P
3;427;1;Testing;0;boron-B
3;432;1;Testing;0;boron-B
3;443;1;Testing;4;magnesium-Mg
3;444;1;Testing;0;boron-B
3;445;1;Testing;5;manganese-Mn
3;460;1;Testing;1;calcium-Ca
3;466;1;Testing;1;calcium-Ca
3;467;1;Testing;8;phosphorus-P
3;468;1;Testing;5;manganese-Mn
3;470;1;Testing;5;manganese-Mn
3;480;1;Testing;8;phosphorus-P
3;482;1;Testing;3;iron-Fe
3;495;1;Testing;8;phosphorus-P
3;501;1;Testing;8;phosphorus-P
3;506;1;Testing;4;magnesium-Mg
3;510;1;Testing;1;calcium-Ca
3;512;1;Testing;9;potasium-K
3;514;1;Testing;6;more-deficiencies
3;519;1;Testing;8;phosphorus-P
3;522;1;Testing;0;boron-B
3;524;1;Testing;0;boron-B
3;531;1;Testing;8;phosphorus-P
3;532;1;Testing;6;more-deficiencies
3;535;1;Testing;3;iron-Fe
3;552;1;Testing;0;boron-B
3;558;1;Testing;1;calcium-Ca
3;560;1;Testing;8;phosphorus-P
3;563;1;Testing;1;calcium-Ca
3;575;1;Testing;9;potasium-K
3;591;1;Testing;6;more-deficiencies
3;596;1;Testing;1;calcium-Ca
3;601;1;Testing;1;calcium-Ca
3;607;1;Testing;1;calcium-Ca
3;609;1;Testing;1;calcium-Ca
3;610;1;Testing;1;calcium-Ca
3;612;1;Testing;8;phosphorus-P
3;620;1;Testing;4;magnesium-Mg
3;622;1;Testing;0;boron-B
3;630;1;Testing;8;phosphorus-P
3;632;1;Testing;5;manganese-Mn
3;635;1;Testing;5;manganese-Mn
3;643;1;Testing;1;calcium-Ca
3;646;1;Testing;0;boron-B
3;648;1;Testing;9;potasium-K
3;652;1;Testing;6;more-deficiencies
3;654;1;Testing;9;potasium-K
3;658;1;Testing;8;phosphorus-P
3;663;1;Testing;6;more-deficiencies
3;667;1;Testing;6;more-deficiencies
3;668;1;Testing;8;phosphorus-P
3;671;1;Testing;0;boron-B
3;672;1;Testing;1;calcium-Ca
3;674;1;Testing;8;phosphorus-P
3;677;1;Testing;8;phosphorus-P
3;679;1;Testing;4;magnesium-Mg
3;680;1;Testing;9;potasium-K
3;681;1;Testing;6;more-deficiencies
3;685;1;Testing;8;phosphorus-P
3;688;1;Testing;1;calcium-Ca
3;693;1;Testing;8;phosphorus-P
3;705;1;Testing;9;potasium-K
3;720;1;Testing;3;iron-Fe
3;722;1;Testing;9;potasium-K
3;730;1;Testing;7;nitrogen-N
3;731;1;Testing;7;nitrogen-N
3;732;1;Testing;8;phosphorus-P
3;736;1;Testing;6;more-deficiencies
3;740;1;Testing;1;calcium-Ca
3;742;1;Testing;3;iron-Fe
3;744;1;Testing;4;magnesium-Mg
3;747;1;Testing;0;boron-B
3;755;1;Testing;1;calcium-Ca
3;758;1;Testing;9;potasium-K
3;764;1;Testing;8;phosphorus-P
3;779;1;Testing;8;phosphorus-P
3;799;1;Testing;5;manganese-Mn
4;0;2;Training;8;phosphorus-P
4;1;2;Training;4;magnesium-Mg
4;2;2;Training;6;more-deficiencies
4;3;2;Training;1;calcium-Ca
4;4;2;Training;7;nitrogen-N
4;5;2;Training;6;more-deficiencies
4;6;2;Training;0;boron-B
4;7;2;Training;1;calcium-Ca
4;8;2;Training;7;nitrogen-N
4;10;2;Training;3;iron-Fe
4;11;2;Training;8;phosphorus-P
4;12;2;Training;3;iron-Fe
4;13;2;Training;5;manganese-Mn
4;14;2;Training;3;iron-Fe
4;15;2;Training;5;manganese-Mn
4;16;2;Training;8;phosphorus-P
4;18;2;Training;0;boron-B
4;19;2;Training;5;manganese-Mn
4;20;2;Training;5;manganese-Mn
4;21;2;Training;9;potasium-K
4;22;2;Training;1;calcium-Ca
4;23;2;Training;8;phosphorus-P
4;24;2;Training;1;calcium-Ca
4;25;2;Training;7;nitrogen-N
4;26;2;Training;1;calcium-Ca
4;27;2;Training;8;phosphorus-P
4;28;2;Training;3;iron-Fe
4;29;2;Training;8;phosphorus-P
4;30;2;Training;5;manganese-Mn
4;32;2;Training;8;phosphorus-P
4;33;2;Training;6;more-deficiencies
4;35;2;Training;5;manganese-Mn
4;36;2;Training;1;calcium-Ca
4;37;2;Training;0;boron-B
4;38;2;Training;0;boron-B
4;39;2;Training;9;potasium-K
4;41;2;Training;4;magnesium-Mg
4;42;2;Training;8;phosphorus-P
4;43;2;Training;9;potasium-K
4;44;2;Training;8;phosphorus-P
4;45;2;Training;0;boron-B
4;46;2;Training;2;healthy
4;47;2;Training;0;boron-B
4;48;2;Training;8;phosphorus-P
4;49;2;Training;4;magnesium-Mg
4;50;2;Training;8;phosphorus-P
4;51;2;Training;6;more-deficiencies
4;52;2;Training;9;potasium-K
4;53;2;Training;2;healthy
4;54;2;Training;3;iron-Fe
4;55;2;Training;0;boron-B
4;56;2;Training;4;magnesium-Mg
4;57;2;Training;1;calcium-Ca
4;59;2;Training;8;phosphorus-P
4;60;2;Training;6;more-deficiencies
4;61;2;Training;6;more-deficiencies
4;62;2;Training;8;phosphorus-P
4;64;2;Training;2;healthy
4;67;2;Training;8;phosphorus-P
4;68;2;Training;6;more-deficiencies
4;70;2;Training;7;nitrogen-N
4;72;2;Training;5;manganese-Mn
4;73;2;Training;8;phosphorus-P
4;74;2;Training;8;phosphorus-P
4;75;2;Training;8;phosphorus-P
4;76;2;Training;1;calcium-Ca
4;78;2;Training;7;nitrogen-N
4;80;2;Training;8;phosphorus-P
4;81;2;Training;5;manganese-Mn
4;82;2;Training;3;iron-Fe
4;83;2;Training;4;magnesium-Mg
4;84;2;Training;7;nitrogen-N
4;85;2;Training;2;healthy
4;86;2;Training;6;more-deficiencies
4;87;2;Training;7;nitrogen-N
4;88;2;Training;8;phosphorus-P
4;89;2;Training;4;magnesium-Mg
4;90;2;Training;6;more-deficiencies
4;91;2;Training;4;magnesium-Mg
4;92;2;Training;6;more-deficiencies
4;94;2;Training;1;calcium-Ca
4;96;2;Training;1;calcium-Ca
4;98;2;Training;8;phosphorus-P
4;99;2;Training;1;calcium-Ca
4;100;2;Training;4;magnesium-Mg
4;102;2;Training;1;calcium-Ca
4;103;2;Training;6;more-deficiencies
4;104;2;Training;9;potasium-K
4;105;2;Training;8;phosphorus-P
4;106;2;Training;1;calcium-Ca
4;107;2;Training;9;potasium-K
4;108;2;Training;8;phosphorus-P
4;110;2;Training;1;calcium-Ca
4;111;2;Training;8;phosphorus-P
4;112;2;Training;6;more-deficiencies
4;113;2;Training;4;magnesium-Mg
4;114;2;Training;8;phosphorus-P
4;116;2;Training;1;calcium-Ca
4;117;2;Training;9;potasium-K
4;118;2;Training;5;manganese-Mn
4;119;2;Training;3;iron-Fe
4;120;2;Training;1;calcium-Ca
4;122;2;Training;8;phosphorus-P
4;123;2;Training;8;phosphorus-P
4;124;2;Training;5;manganese-Mn
4;126;2;Training;8;phosphorus-P
4;127;2;Training;5;manganese-Mn
4;129;2;Training;8;phosphorus-P
4;131;2;Training;6;more-deficiencies
4;133;2;Training;5;manganese-Mn
4;137;2;Training;3;iron-Fe
4;138;2;Training;8;phosphorus-P
4;139;2;Training;4;magnesium-Mg
4;140;2;Training;0;boron-B
4;141;2;Training;6;more-deficiencies
4;144;2;Training;7;nitrogen-N
4;145;2;Training;3;iron-Fe
4;146;2;Training;9;potasium-K
4;147;2;Training;7;nitrogen-N
4;148;2;Training;8;phosphorus-P
4;151;2;Training;8;phosphorus-P
4;152;2;Training;8;phosphorus-P
4;154;2;Training;1;calcium-Ca
4;155;2;Training;5;manganese-Mn
4;156;2;Training;4;magnesium-Mg
4;157;2;Training;5;manganese-Mn
4;158;2;Training;7;nitrogen-N
4;162;2;Training;4;magnesium-Mg
4;164;2;Training;8;phosphorus-P
4;165;2;Training;6;more-deficiencies
4;166;2;Training;1;calcium-Ca
4;167;2;Training;6;more-deficiencies
4;168;2;Training;8;phosphorus-P
4;170;2;Training;8;phosphorus-P
4;172;2;Training;5;manganese-Mn
4;175;2;Training;8;phosphorus-P
4;176;2;Training;9;potasium-K
4;177;2;Training;3;iron-Fe
4;178;2;Training;4;magnesium-Mg
4;179;2;Training;1;calcium-Ca
4;180;2;Training;8;phosphorus-P
4;182;2;Training;8;phosphorus-P
4;183;2;Training;8;phosphorus-P
4;184;2;Training;4;magnesium-Mg
4;185;2;Training;0;boron-B
4;186;2;Training;5;manganese-Mn
4;187;2;Training;0;boron-B
4;188;2;Training;0;boron-B
4;189;2;Training;8;phosphorus-P
4;192;2;Training;8;phosphorus-P
4;193;2;Training;0;boron-B
4;195;2;Training;8;phosphorus-P
4;196;2;Training;8;phosphorus-P
4;198;2;Training;6;more-deficiencies
4;199;2;Training;8;phosphorus-P
4;200;2;Training;6;more-deficiencies
4;201;2;Training;6;more-deficiencies
4;202;2;Training;7;nitrogen-N
4;203;2;Training;9;potasium-K
4;204;2;Training;7;nitrogen-N
4;205;2;Training;6;more-deficiencies
4;206;2;Training;8;phosphorus-P
4;208;2;Training;9;potasium-K
4;209;2;Training;0;boron-B
4;210;2;Training;1;calcium-Ca
4;211;2;Training;0;boron-B
4;212;2;Training;3;iron-Fe
4;213;2;Training;5;manganese-Mn
4;214;2;Training;5;manganese-Mn
4;215;2;Training;5;manganese-Mn
4;216;2;Training;7;nitrogen-N
4;218;2;Training;3;iron-Fe
4;220;2;Training;1;calcium-Ca
4;222;2;Training;8;phosphorus-P
4;224;2;Training;0;boron-B
4;225;2;Training;3;iron-Fe
4;226;2;Training;8;phosphorus-P
4;227;2;Training;8;phosphorus-P
4;228;2;Training;5;manganese-Mn
4;229;2;Training;1;calcium-Ca
4;230;2;Training;1;calcium-Ca
4;231;2;Training;1;calcium-Ca
4;233;2;Training;4;magnesium-Mg
4;234;2;Training;9;potasium-K
4;235;2;Training;7;nitrogen-N
4;236;2;Training;0;boron-B
4;237;2;Training;8;phosphorus-P
4;238;2;Training;0;boron-B
4;239;2;Training;1;calcium-Ca
4;240;2;Training;0;boron-B
4;241;2;Training;4;magnesium-Mg
4;242;2;Training;6;more-deficiencies
4;244;2;Training;1;calcium-Ca
4;245;2;Training;9;potasium-K
4;247;2;Training;8;phosphorus-P
4;249;2;Training;0;boron-B
4;250;2;Training;0;boron-B
4;251;2;Training;8;phosphorus-P
4;252;2;Training;1;calcium-Ca
4;253;2;Training;1;calcium-Ca
4;254;2;Training;3;iron-Fe
4;255;2;Training;8;phosphorus-P
4;256;2;Training;4;magnesium-Mg
4;257;2;Training;0;boron-B
4;258;2;Training;1;calcium-Ca
4;259;2;Training;8;phosphorus-P
4;261;2;Training;6;more-deficiencies
4;263;2;Training;6;more-deficiencies
4;264;2;Training;6;more-deficiencies
4;266;2;Training;1;calcium-Ca
4;267;2;Training;6;more-deficiencies
4;268;2;Training;6;more-deficiencies
4;269;2;Training;0;boron-B
4;270;2;Training;1;calcium-Ca
4;271;2;Training;8;phosphorus-P
4;272;2;Training;4;magnesium-Mg
4;273;2;Training;6;more-deficiencies
4;274;2;Training;0;boron-B
4;275;2;Training;5;manganese-Mn
4;276;2;Training;5;manganese-Mn
4;277;2;Training;7;nitrogen-N
4;280;2;Training;8;phosphorus-P
4;281;2;Training;1;calcium-Ca
4;282;2;Training;1;calcium-Ca
4;283;2;Training;7;nitrogen-N
4;285;2;Training;0;boron-B
4;286;2;Training;9;potasium-K
4;287;2;Training;8;phosphorus-P
4;289;2;Training;8;phosphorus-P
4;290;2;Training;1;calcium-Ca
4;291;2;Training;5;manganese-Mn
4;292;2;Training;6;more-deficiencies
4;293;2;Training;9;potasium-K
4;294;2;Training;4;magnesium-Mg
4;295;2;Training;8;phosphorus-P
4;296;2;Training;5;manganese-Mn
4;297;2;Training;8;phosphorus-P
4;298;2;Training;0;boron-B
4;299;2;Training;1;calcium-Ca
4;301;2;Training;5;manganese-Mn
4;302;2;Training;5;manganese-Mn
4;303;2;Training;6;more-deficiencies
4;304;2;Training;8;phosphorus-P
4;305;2;Training;8;phosphorus-P
4;307;2;Training;3;iron-Fe
4;309;2;Training;3;iron-Fe
4;310;2;Training;8;phosphorus-P
4;311;2;Training;5;manganese-Mn
4;312;2;Training;1;calcium-Ca
4;313;2;Training;3;iron-Fe
4;314;2;Training;7;nitrogen-N
4;316;2;Training;8;phosphorus-P
4;317;2;Training;0;boron-B
4;319;2;Training;3;iron-Fe
4;320;2;Training;0;boron-B
4;321;2;Training;8;phosphorus-P
4;322;2;Training;5;manganese-Mn
4;323;2;Training;9;potasium-K
4;324;2;Training;0;boron-B
4;325;2;Training;7;nitrogen-N
4;326;2;Training;5;manganese-Mn
4;327;2;Training;4;magnesium-Mg
4;328;2;Training;8;phosphorus-P
4;329;2;Training;6;more-deficiencies
4;330;2;Training;9;potasium-K
4;331;2;Training;8;phosphorus-P
4;332;2;Training;7;nitrogen-N
4;334;2;Training;9;potasium-K
4;335;2;Training;6;more-deficiencies
4;336;2;Training;7;nitrogen-N
4;337;2;Training;9;potasium-K
4;338;2;Training;8;phosphorus-P
4;339;2;Training;8;phosphorus-P
4;341;2;Training;8;phosphorus-P
4;342;2;Training;1;calcium-Ca
4;343;2;Training;0;boron-B
4;344;2;Training;8;phosphorus-P
4;345;2;Training;0;boron-B
4;346;2;Training;5;manganese-Mn
4;347;2;Training;6;more-deficiencies
4;348;2;Training;9;potasium-K
4;349;2;Training;5;manganese-Mn
4;350;2;Training;4;magnesium-Mg
4;351;2;Training;1;calcium-Ca
4;352;2;Training;9;potasium-K
4;353;2;Training;3;iron-Fe
4;354;2;Training;6;more-deficiencies
4;355;2;Training;7;nitrogen-N
4;356;2;Training;8;phosphorus-P
4;357;2;Training;5;manganese-Mn
4;358;2;Training;5;manganese-Mn
4;359;2;Training;8;phosphorus-P
4;361;2;Training;8;phosphorus-P
4;363;2;Training;3;iron-Fe
4;364;2;Training;3;iron-Fe
4;366;2;Training;1;calcium-Ca
4;367;2;Training;6;more-deficiencies
4;368;2;Training;6;more-deficiencies
4;369;2;Training;8;phosphorus-P
4;370;2;Training;6;more-deficiencies
4;372;2;Training;8;phosphorus-P
4;373;2;Training;8;phosphorus-P
4;374;2;Training;8;phosphorus-P
4;375;2;Training;8;phosphorus-P
4;378;2;Training;1;calcium-Ca
4;379;2;Training;1;calcium-Ca
4;380;2;Training;4;magnesium-Mg
4;381;2;Training;8;phosphorus-P
4;382;2;Training;7;nitrogen-N
4;383;2;Training;4;magnesium-Mg
4;385;2;Training;6;more-deficiencies
4;386;2;Training;7;nitrogen-N
4;387;2;Training;9;potasium-K
4;388;2;Training;0;boron-B
4;390;2;Training;1;calcium-Ca
4;392;2;Training;3;iron-Fe
4;393;2;Training;8;phosphorus-P
4;394;2;Training;8;phosphorus-P
4;395;2;Training;4;magnesium-Mg
4;398;2;Training;8;phosphorus-P
4;399;2;Training;8;phosphorus-P
4;400;2;Training;9;potasium-K
4;401;2;Training;8;phosphorus-P
4;402;2;Training;5;manganese-Mn
4;403;2;Training;9;potasium-K
4;404;2;Training;8;phosphorus-P
4;405;2;Training;9;potasium-K
4;406;2;Training;1;calcium-Ca
4;407;2;Training;8;phosphorus-P
4;409;2;Training;8;phosphorus-P
4;410;2;Training;1;calcium-Ca
4;411;2;Training;0;boron-B
4;413;2;Training;8;phosphorus-P
4;414;2;Training;8;phosphorus-P
4;415;2;Training;0;boron-B
4;416;2;Training;8;phosphorus-P
4;417;2;Training;9;potasium-K
4;418;2;Training;9;potasium-K
4;420;2;Training;7;nitrogen-N
4;422;2;Training;7;nitrogen-N
4;423;2;Training;1;calcium-Ca
4;425;2;Training;5;manganese-Mn
4;426;2;Training;8;phosphorus-P
4;427;2;Training;0;boron-B
4;428;2;Training;7;nitrogen-N
4;430;2;Training;5;manganese-Mn
4;431;2;Training;8;phosphorus-P
4;432;2;Training;0;boron-B
4;433;2;Training;8;phosphorus-P
4;434;2;Training;6;more-deficiencies
4;436;2;Training;4;magnesium-Mg
4;438;2;Training;8;phosphorus-P
4;439;2;Training;8;phosphorus-P
4;440;2;Training;8;phosphorus-P
4;441;2;Training;0;boron-B
4;442;2;Training;1;calcium-Ca
4;443;2;Training;4;magnesium-Mg
4;444;2;Training;0;boron-B
4;445;2;Training;5;manganese-Mn
4;446;2;Training;1;calcium-Ca
4;447;2;Training;8;phosphorus-P
4;449;2;Training;1;calcium-Ca
4;450;2;Training;9;potasium-K
4;451;2;Training;1;calcium-Ca
4;452;2;Training;9;potasium-K
4;453;2;Training;9;potasium-K
4;456;2;Training;9;potasium-K
4;457;2;Training;6;more-deficiencies
4;458;2;Training;0;boron-B
4;459;2;Training;3;iron-Fe
4;460;2;Training;1;calcium-Ca
4;462;2;Training;7;nitrogen-N
4;464;2;Training;0;boron-B
4;465;2;Training;6;more-deficiencies
4;466;2;Training;1;calcium-Ca
4;467;2;Training;8;phosphorus-P
4;468;2;Training;5;manganese-Mn
4;469;2;Training;6;more-deficiencies
4;470;2;Training;5;manganese-Mn
4;472;2;Training;7;nitrogen-N
4;473;2;Training;6;more-deficiencies
4;474;2;Training;9;potasium-K
4;475;2;Training;8;phosphorus-P
4;476;2;Training;0;boron-B
4;477;2;Training;3;iron-Fe
4;478;2;Training;9;potasium-K
4;479;2;Training;4;magnesium-Mg
4;480;2;Training;8;phosphorus-P
4;481;2;Training;6;more-deficiencies
4;482;2;Training;3;iron-Fe
4;483;2;Training;1;calcium-Ca
4;485;2;Training;8;phosphorus-P
4;487;2;Training;7;nitrogen-N
4;489;2;Training;3;iron-Fe
4;490;2;Training;9;potasium-K
4;491;2;Training;1;calcium-Ca
4;492;2;Training;8;phosphorus-P
4;495;2;Training;8;phosphorus-P
4;496;2;Training;3;iron-Fe
4;498;2;Training;8;phosphorus-P
4;500;2;Training;8;phosphorus-P
4;501;2;Training;8;phosphorus-P
4;502;2;Training;1;calcium-Ca
4;503;2;Training;4;magnesium-Mg
4;504;2;Training;1;calcium-Ca
4;506;2;Training;4;magnesium-Mg
4;507;2;Training;8;phosphorus-P
4;508;2;Training;0;boron-B
4;510;2;Training;1;calcium-Ca
4;511;2;Training;1;calcium-Ca
4;512;2;Training;9;potasium-K
4;514;2;Training;6;more-deficiencies
4;515;2;Training;4;magnesium-Mg
4;516;2;Training;1;calcium-Ca
4;517;2;Training;4;magnesium-Mg
4;518;2;Training;0;boron-B
4;519;2;Training;8;phosphorus-P
4;520;2;Training;8;phosphorus-P
4;521;2;Training;1;calcium-Ca
4;522;2;Training;0;boron-B
4;523;2;Training;0;boron-B
4;524;2;Training;0;boron-B
4;525;2;Training;9;potasium-K
4;526;2;Training;9;potasium-K
4;527;2;Training;8;phosphorus-P
4;528;2;Training;1;calcium-Ca
4;531;2;Training;8;phosphorus-P
4;532;2;Training;6;more-deficiencies
4;535;2;Training;3;iron-Fe
4;536;2;Training;4;magnesium-Mg
4;537;2;Training;1;calcium-Ca
4;539;2;Training;4;magnesium-Mg
4;540;2;Training;3;iron-Fe
4;541;2;Training;7;nitrogen-N
4;542;2;Training;9;potasium-K
4;543;2;Training;1;calcium-Ca
4;544;2;Training;1;calcium-Ca
4;546;2;Training;0;boron-B
4;547;2;Training;1;calcium-Ca
4;548;2;Training;4;magnesium-Mg
4;550;2;Training;7;nitrogen-N
4;551;2;Training;8;phosphorus-P
4;552;2;Training;0;boron-B
4;554;2;Training;3;iron-Fe
4;555;2;Training;8;phosphorus-P
4;556;2;Training;8;phosphorus-P
4;557;2;Training;8;phosphorus-P
4;558;2;Training;1;calcium-Ca
4;559;2;Training;6;more-deficiencies
4;560;2;Training;8;phosphorus-P
4;561;2;Training;7;nitrogen-N
4;562;2;Training;7;nitrogen-N
4;563;2;Training;1;calcium-Ca
4;565;2;Training;8;phosphorus-P
4;568;2;Training;1;calcium-Ca
4;569;2;Training;1;calcium-Ca
4;570;2;Training;4;magnesium-Mg
4;571;2;Training;0;boron-B
4;572;2;Training;8;phosphorus-P
4;575;2;Training;9;potasium-K
4;576;2;Training;6;more-deficiencies
4;577;2;Training;7;nitrogen-N
4;578;2;Training;1;calcium-Ca
4;580;2;Training;9;potasium-K
4;581;2;Training;1;calcium-Ca
4;582;2;Training;1;calcium-Ca
4;585;2;Training;8;phosphorus-P
4;586;2;Training;9;potasium-K
4;588;2;Training;3;iron-Fe
4;590;2;Training;4;magnesium-Mg
4;591;2;Training;6;more-deficiencies
4;592;2;Training;8;phosphorus-P
4;593;2;Training;0;boron-B
4;594;2;Training;9;potasium-K
4;596;2;Training;1;calcium-Ca
4;598;2;Training;8;phosphorus-P
4;599;2;Training;1;calcium-Ca
4;600;2;Training;5;manganese-Mn
4;601;2;Training;1;calcium-Ca
4;602;2;Training;6;more-deficiencies
4;603;2;Training;0;boron-B
4;605;2;Training;3;iron-Fe
4;606;2;Training;1;calcium-Ca
4;607;2;Training;1;calcium-Ca
4;609;2;Training;1;calcium-Ca
4;610;2;Training;1;calcium-Ca
4;611;2;Training;8;phosphorus-P
4;612;2;Training;8;phosphorus-P
4;613;2;Training;0;boron-B
4;614;2;Training;0;boron-B
4;616;2;Training;1;calcium-Ca
4;617;2;Training;4;magnesium-Mg
4;618;2;Training;6;more-deficiencies
4;620;2;Training;4;magnesium-Mg
4;621;2;Training;8;phosphorus-P
4;622;2;Training;0;boron-B
4;623;2;Training;9;potasium-K
4;626;2;Training;8;phosphorus-P
4;627;2;Training;4;magnesium-Mg
4;628;2;Training;8;phosphorus-P
4;629;2;Training;5;manganese-Mn
4;630;2;Training;8;phosphorus-P
4;632;2;Training;5;manganese-Mn
4;633;2;Training;8;phosphorus-P
4;634;2;Training;1;calcium-Ca
4;635;2;Training;5;manganese-Mn
4;636;2;Training;1;calcium-Ca
4;637;2;Training;0;boron-B
4;638;2;Training;6;more-deficiencies
4;639;2;Training;1;calcium-Ca
4;640;2;Training;0;boron-B
4;642;2;Training;1;calcium-Ca
4;643;2;Training;1;calcium-Ca
4;644;2;Training;7;nitrogen-N
4;646;2;Training;0;boron-B
4;647;2;Training;8;phosphorus-P
4;648;2;Training;9;potasium-K
4;649;2;Training;8;phosphorus-P
4;651;2;Training;5;manganese-Mn
4;652;2;Training;6;more-deficiencies
4;653;2;Training;6;more-deficiencies
4;654;2;Training;9;potasium-K
4;655;2;Training;5;manganese-Mn
4;657;2;Training;8;phosphorus-P
4;658;2;Training;8;phosphorus-P
4;659;2;Training;3;iron-Fe
4;660;2;Training;9;potasium-K
4;661;2;Training;1;calcium-Ca
4;663;2;Training;6;more-deficiencies
4;664;2;Training;1;calcium-Ca
4;665;2;Training;9;potasium-K
4;666;2;Training;4;magnesium-Mg
4;667;2;Training;6;more-deficiencies
4;668;2;Training;8;phosphorus-P
4;671;2;Training;0;boron-B
4;672;2;Training;1;calcium-Ca
4;673;2;Training;9;potasium-K
4;674;2;Training;8;phosphorus-P
4;675;2;Training;8;phosphorus-P
4;676;2;Training;6;more-deficiencies
4;677;2;Training;8;phosphorus-P
4;678;2;Training;6;more-deficiencies
4;679;2;Training;4;magnesium-Mg
4;680;2;Training;9;potasium-K
4;681;2;Training;6;more-deficiencies
4;682;2;Training;0;boron-B
4;683;2;Training;0;boron-B
4;684;2;Training;5;manganese-Mn
4;685;2;Training;8;phosphorus-P
4;686;2;Training;1;calcium-Ca
4;687;2;Training;1;calcium-Ca
4;688;2;Training;1;calcium-Ca
4;690;2;Training;5;manganese-Mn
4;691;2;Training;6;more-deficiencies
4;692;2;Training;8;phosphorus-P
4;693;2;Training;8;phosphorus-P
4;694;2;Training;9;potasium-K
4;695;2;Training;1;calcium-Ca
4;696;2;Training;9;potasium-K
4;697;2;Training;1;calcium-Ca
4;698;2;Training;3;iron-Fe
4;699;2;Training;5;manganese-Mn
4;700;2;Training;5;manganese-Mn
4;702;2;Training;5;manganese-Mn
4;703;2;Training;9;potasium-K
4;705;2;Training;9;potasium-K
4;706;2;Training;9;potasium-K
4;707;2;Training;0;boron-B
4;708;2;Training;8;phosphorus-P
4;710;2;Training;4;magnesium-Mg
4;711;2;Training;4;magnesium-Mg
4;712;2;Training;8;phosphorus-P
4;714;2;Training;9;potasium-K
4;715;2;Training;1;calcium-Ca
4;716;2;Training;8;phosphorus-P
4;717;2;Training;4;magnesium-Mg
4;718;2;Training;0;boron-B
4;719;2;Training;8;phosphorus-P
4;720;2;Training;3;iron-Fe
4;721;2;Training;8;phosphorus-P
4;722;2;Training;9;potasium-K
4;723;2;Training;9;potasium-K
4;724;2;Training;8;phosphorus-P
4;725;2;Training;3;iron-Fe
4;726;2;Training;3;iron-Fe
4;727;2;Training;1;calcium-Ca
4;728;2;Training;1;calcium-Ca
4;729;2;Training;8;phosphorus-P
4;730;2;Training;7;nitrogen-N
4;731;2;Training;7;nitrogen-N
4;732;2;Training;8;phosphorus-P
4;733;2;Training;1;calcium-Ca
4;734;2;Training;3;iron-Fe
4;735;2;Training;9;potasium-K
4;736;2;Training;6;more-deficiencies
4;739;2;Training;8;phosphorus-P
4;740;2;Training;1;calcium-Ca
4;741;2;Training;6;more-deficiencies
4;742;2;Training;3;iron-Fe
4;743;2;Training;6;more-deficiencies
4;744;2;Training;4;magnesium-Mg
4;745;2;Training;8;phosphorus-P
4;746;2;Training;8;phosphorus-P
4;747;2;Training;0;boron-B
4;748;2;Training;7;nitrogen-N
4;751;2;Training;1;calcium-Ca
4;755;2;Training;1;calcium-Ca
4;756;2;Training;0;boron-B
4;757;2;Training;1;calcium-Ca
4;758;2;Training;9;potasium-K
4;759;2;Training;7;nitrogen-N
4;760;2;Training;3;iron-Fe
4;763;2;Training;1;calcium-Ca
4;764;2;Training;8;phosphorus-P
4;766;2;Training;6;more-deficiencies
4;767;2;Training;8;phosphorus-P
4;768;2;Training;8;phosphorus-P
4;770;2;Training;8;phosphorus-P
4;771;2;Training;4;magnesium-Mg
4;772;2;Training;9;potasium-K
4;773;2;Training;6;more-deficiencies
4;774;2;Training;1;calcium-Ca
4;775;2;Training;0;boron-B
4;777;2;Training;8;phosphorus-P
4;779;2;Training;8;phosphorus-P
4;780;2;Training;6;more-deficiencies
4;783;2;Training;0;boron-B
4;784;2;Training;1;calcium-Ca
4;786;2;Training;4;magnesium-Mg
4;788;2;Training;3;iron-Fe
4;789;2;Training;9;potasium-K
4;790;2;Training;5;manganese-Mn
4;791;2;Training;8;phosphorus-P
4;792;2;Training;4;magnesium-Mg
4;793;2;Training;4;magnesium-Mg
4;794;2;Training;7;nitrogen-N
4;796;2;Training;8;phosphorus-P
4;797;2;Training;1;calcium-Ca
4;798;2;Training;6;more-deficiencies
4;799;2;Training;5;manganese-Mn
4;800;2;Training;5;manganese-Mn
4;801;2;Training;3;iron-Fe
4;802;2;Training;4;magnesium-Mg
5;9;2;Testing;8;phosphorus-P
5;17;2;Testing;4;magnesium-Mg
5;31;2;Testing;5;manganese-Mn
5;34;2;Testing;7;nitrogen-N
5;40;2;Testing;1;calcium-Ca
5;58;2;Testing;0;boron-B
5;63;2;Testing;8;phosphorus-P
5;65;2;Testing;6;more-deficiencies
5;66;2;Testing;8;phosphorus-P
5;69;2;Testing;9;potasium-K
5;71;2;Testing;3;iron-Fe
5;77;2;Testing;8;phosphorus-P
5;79;2;Testing;8;phosphorus-P
5;93;2;Testing;8;phosphorus-P
5;95;2;Testing;9;potasium-K
5;97;2;Testing;5;manganese-Mn
5;101;2;Testing;9;potasium-K
5;109;2;Testing;0;boron-B
5;115;2;Testing;8;phosphorus-P
5;121;2;Testing;5;manganese-Mn
5;125;2;Testing;9;potasium-K
5;128;2;Testing;0;boron-B
5;130;2;Testing;7;nitrogen-N
5;132;2;Testing;4;magnesium-Mg
5;134;2;Testing;8;phosphorus-P
5;135;2;Testing;5;manganese-Mn
5;136;2;Testing;7;nitrogen-N
5;142;2;Testing;1;calcium-Ca
5;143;2;Testing;6;more-deficiencies
5;149;2;Testing;1;calcium-Ca
5;150;2;Testing;7;nitrogen-N
5;153;2;Testing;9;potasium-K
5;159;2;Testing;6;more-deficiencies
5;160;2;Testing;9;potasium-K
5;161;2;Testing;3;iron-Fe
5;163;2;Testing;7;nitrogen-N
5;169;2;Testing;1;calcium-Ca
5;171;2;Testing;8;phosphorus-P
5;173;2;Testing;0;boron-B
5;174;2;Testing;6;more-deficiencies
5;181;2;Testing;9;potasium-K
5;190;2;Testing;4;magnesium-Mg
5;191;2;Testing;0;boron-B
5;194;2;Testing;1;calcium-Ca
5;197;2;Testing;1;calcium-Ca
5;207;2;Testing;3;iron-Fe
5;217;2;Testing;8;phosphorus-P
5;219;2;Testing;6;more-deficiencies
5;221;2;Testing;3;iron-Fe
5;223;2;Testing;0;boron-B
5;232;2;Testing;1;calcium-Ca
5;243;2;Testing;9;potasium-K
5;246;2;Testing;6;more-deficiencies
5;248;2;Testing;5;manganese-Mn
5;260;2;Testing;3;iron-Fe
5;262;2;Testing;8;phosphorus-P
5;265;2;Testing;0;boron-B
5;278;2;Testing;1;calcium-Ca
5;279;2;Testing;6;more-deficiencies
5;284;2;Testing;5;manganese-Mn
5;288;2;Testing;8;phosphorus-P
5;300;2;Testing;0;boron-B
5;306;2;Testing;9;potasium-K
5;308;2;Testing;3;iron-Fe
5;315;2;Testing;8;phosphorus-P
5;318;2;Testing;6;more-deficiencies
5;333;2;Testing;1;calcium-Ca
5;340;2;Testing;8;phosphorus-P
5;360;2;Testing;4;magnesium-Mg
5;362;2;Testing;4;magnesium-Mg
5;365;2;Testing;7;nitrogen-N
5;371;2;Testing;8;phosphorus-P
5;376;2;Testing;6;more-deficiencies
5;377;2;Testing;8;phosphorus-P
5;384;2;Testing;1;calcium-Ca
5;389;2;Testing;4;magnesium-Mg
5;391;2;Testing;5;manganese-Mn
5;396;2;Testing;8;phosphorus-P
5;397;2;Testing;1;calcium-Ca
5;408;2;Testing;8;phosphorus-P
5;412;2;Testing;3;iron-Fe
5;419;2;Testing;9;potasium-K
5;421;2;Testing;9;potasium-K
5;424;2;Testing;9;potasium-K
5;429;2;Testing;8;phosphorus-P
5;435;2;Testing;4;magnesium-Mg
5;437;2;Testing;0;boron-B
5;448;2;Testing;1;calcium-Ca
5;454;2;Testing;8;phosphorus-P
5;455;2;Testing;7;nitrogen-N
5;461;2;Testing;8;phosphorus-P
5;463;2;Testing;6;more-deficiencies
5;471;2;Testing;8;phosphorus-P
5;484;2;Testing;1;calcium-Ca
5;486;2;Testing;1;calcium-Ca
5;488;2;Testing;3;iron-Fe
5;493;2;Testing;1;calcium-Ca
5;494;2;Testing;8;phosphorus-P
5;497;2;Testing;1;calcium-Ca
5;499;2;Testing;4;magnesium-Mg
5;505;2;Testing;8;phosphorus-P
5;509;2;Testing;0;boron-B
5;513;2;Testing;6;more-deficiencies
5;529;2;Testing;8;phosphorus-P
5;530;2;Testing;1;calcium-Ca
5;533;2;Testing;0;boron-B
5;534;2;Testing;7;nitrogen-N
5;538;2;Testing;5;manganese-Mn
5;545;2;Testing;1;calcium-Ca
5;549;2;Testing;5;manganese-Mn
5;553;2;Testing;3;iron-Fe
5;564;2;Testing;8;phosphorus-P
5;566;2;Testing;5;manganese-Mn
5;567;2;Testing;1;calcium-Ca
5;573;2;Testing;8;phosphorus-P
5;574;2;Testing;9;potasium-K
5;579;2;Testing;4;magnesium-Mg
5;583;2;Testing;8;phosphorus-P
5;584;2;Testing;8;phosphorus-P
5;587;2;Testing;9;potasium-K
5;589;2;Testing;0;boron-B
5;595;2;Testing;9;potasium-K
5;597;2;Testing;8;phosphorus-P
5;604;2;Testing;3;iron-Fe
5;608;2;Testing;7;nitrogen-N
5;615;2;Testing;6;more-deficiencies
5;619;2;Testing;6;more-deficiencies
5;624;2;Testing;6;more-deficiencies
5;625;2;Testing;2;healthy
5;631;2;Testing;6;more-deficiencies
5;641;2;Testing;4;magnesium-Mg
5;645;2;Testing;1;calcium-Ca
5;650;2;Testing;7;nitrogen-N
5;656;2;Testing;0;boron-B
5;662;2;Testing;4;magnesium-Mg
5;669;2;Testing;5;manganese-Mn
5;670;2;Testing;8;phosphorus-P
5;689;2;Testing;8;phosphorus-P
5;701;2;Testing;4;magnesium-Mg
5;704;2;Testing;1;calcium-Ca
5;709;2;Testing;0;boron-B
5;713;2;Testing;1;calcium-Ca
5;737;2;Testing;1;calcium-Ca
5;738;2;Testing;6;more-deficiencies
5;749;2;Testing;6;more-deficiencies
5;750;2;Testing;8;phosphorus-P
5;752;2;Testing;5;manganese-Mn
5;753;2;Testing;8;phosphorus-P
5;754;2;Testing;8;phosphorus-P
5;761;2;Testing;1;calcium-Ca
5;762;2;Testing;8;phosphorus-P
5;765;2;Testing;0;boron-B
5;769;2;Testing;7;nitrogen-N
5;776;2;Testing;9;potasium-K
5;778;2;Testing;1;calcium-Ca
5;781;2;Testing;0;boron-B
5;782;2;Testing;5;manganese-Mn
5;785;2;Testing;8;phosphorus-P
5;787;2;Testing;4;magnesium-Mg
5;795;2;Testing;8;phosphorus-P
5;803;2;Testing;8;phosphorus-P
6;2;3;Training;6;more-deficiencies
6;4;3;Training;7;nitrogen-N
6;5;3;Training;6;more-deficiencies
6;6;3;Training;0;boron-B
6;7;3;Training;1;calcium-Ca
6;9;3;Training;8;phosphorus-P
6;10;3;Training;3;iron-Fe
6;11;3;Training;8;phosphorus-P
6;12;3;Training;3;iron-Fe
6;13;3;Training;5;manganese-Mn
6;14;3;Training;3;iron-Fe
6;16;3;Training;8;phosphorus-P
6;17;3;Training;4;magnesium-Mg
6;18;3;Training;0;boron-B
6;20;3;Training;5;manganese-Mn
6;21;3;Training;9;potasium-K
6;22;3;Training;1;calcium-Ca
6;24;3;Training;1;calcium-Ca
6;25;3;Training;7;nitrogen-N
6;27;3;Training;8;phosphorus-P
6;28;3;Training;3;iron-Fe
6;29;3;Training;8;phosphorus-P
6;30;3;Training;5;manganese-Mn
6;31;3;Training;5;manganese-Mn
6;32;3;Training;8;phosphorus-P
6;33;3;Training;6;more-deficiencies
6;34;3;Training;7;nitrogen-N
6;36;3;Training;1;calcium-Ca
6;37;3;Training;0;boron-B
6;38;3;Training;0;boron-B
6;40;3;Training;1;calcium-Ca
6;41;3;Training;4;magnesium-Mg
6;42;3;Training;8;phosphorus-P
6;43;3;Training;9;potasium-K
6;44;3;Training;8;phosphorus-P
6;45;3;Training;0;boron-B
6;46;3;Training;2;healthy
6;48;3;Training;8;phosphorus-P
6;49;3;Training;4;magnesium-Mg
6;50;3;Training;8;phosphorus-P
6;52;3;Training;9;potasium-K
6;53;3;Training;2;healthy
6;55;3;Training;0;boron-B
6;56;3;Training;4;magnesium-Mg
6;58;3;Training;0;boron-B
6;59;3;Training;8;phosphorus-P
6;60;3;Training;6;more-deficiencies
6;61;3;Training;6;more-deficiencies
6;62;3;Training;8;phosphorus-P
6;63;3;Training;8;phosphorus-P
6;65;3;Training;6;more-deficiencies
6;66;3;Training;8;phosphorus-P
6;69;3;Training;9;potasium-K
6;70;3;Training;7;nitrogen-N
6;71;3;Training;3;iron-Fe
6;72;3;Training;5;manganese-Mn
6;73;3;Training;8;phosphorus-P
6;74;3;Training;8;phosphorus-P
6;75;3;Training;8;phosphorus-P
6;76;3;Training;1;calcium-Ca
6;77;3;Training;8;phosphorus-P
6;78;3;Training;7;nitrogen-N
6;79;3;Training;8;phosphorus-P
6;81;3;Training;5;manganese-Mn
6;84;3;Training;7;nitrogen-N
6;85;3;Training;2;healthy
6;87;3;Training;7;nitrogen-N
6;88;3;Training;8;phosphorus-P
6;89;3;Training;4;magnesium-Mg
6;90;3;Training;6;more-deficiencies
6;91;3;Training;4;magnesium-Mg
6;93;3;Training;8;phosphorus-P
6;94;3;Training;1;calcium-Ca
6;95;3;Training;9;potasium-K
6;96;3;Training;1;calcium-Ca
6;97;3;Training;5;manganese-Mn
6;98;3;Training;8;phosphorus-P
6;100;3;Training;4;magnesium-Mg
6;101;3;Training;9;potasium-K
6;102;3;Training;1;calcium-Ca
6;103;3;Training;6;more-deficiencies
6;108;3;Training;8;phosphorus-P
6;109;3;Training;0;boron-B
6;110;3;Training;1;calcium-Ca
6;111;3;Training;8;phosphorus-P
6;112;3;Training;6;more-deficiencies
6;114;3;Training;8;phosphorus-P
6;115;3;Training;8;phosphorus-P
6;117;3;Training;9;potasium-K
6;118;3;Training;5;manganese-Mn
6;119;3;Training;3;iron-Fe
6;121;3;Training;5;manganese-Mn
6;123;3;Training;8;phosphorus-P
6;124;3;Training;5;manganese-Mn
6;125;3;Training;9;potasium-K
6;126;3;Training;8;phosphorus-P
6;128;3;Training;0;boron-B
6;130;3;Training;7;nitrogen-N
6;131;3;Training;6;more-deficiencies
6;132;3;Training;4;magnesium-Mg
6;133;3;Training;5;manganese-Mn
6;134;3;Training;8;phosphorus-P
6;135;3;Training;5;manganese-Mn
6;136;3;Training;7;nitrogen-N
6;137;3;Training;3;iron-Fe
6;138;3;Training;8;phosphorus-P
6;139;3;Training;4;magnesium-Mg
6;140;3;Training;0;boron-B
6;141;3;Training;6;more-deficiencies
6;142;3;Training;1;calcium-Ca
6;143;3;Training;6;more-deficiencies
6;144;3;Training;7;nitrogen-N
6;146;3;Training;9;potasium-K
6;147;3;Training;7;nitrogen-N
6;148;3;Training;8;phosphorus-P
6;149;3;Training;1;calcium-Ca
6;150;3;Training;7;nitrogen-N
6;152;3;Training;8;phosphorus-P
6;153;3;Training;9;potasium-K
6;155;3;Training;5;manganese-Mn
6;157;3;Training;5;manganese-Mn
6;158;3;Training;7;nitrogen-N
6;159;3;Training;6;more-deficiencies
6;160;3;Training;9;potasium-K
6;161;3;Training;3;iron-Fe
6;162;3;Training;4;magnesium-Mg
6;163;3;Training;7;nitrogen-N
6;164;3;Training;8;phosphorus-P
6;165;3;Training;6;more-deficiencies
6;166;3;Training;1;calcium-Ca
6;168;3;Training;8;phosphorus-P
6;169;3;Training;1;calcium-Ca
6;171;3;Training;8;phosphorus-P
6;172;3;Training;5;manganese-Mn
6;173;3;Training;0;boron-B
6;174;3;Training;6;more-deficiencies
6;175;3;Training;8;phosphorus-P
6;178;3;Training;4;magnesium-Mg
6;181;3;Training;9;potasium-K
6;182;3;Training;8;phosphorus-P
6;183;3;Training;8;phosphorus-P
6;184;3;Training;4;magnesium-Mg
6;185;3;Training;0;boron-B
6;186;3;Training;5;manganese-Mn
6;187;3;Training;0;boron-B
6;189;3;Training;8;phosphorus-P
6;190;3;Training;4;magnesium-Mg
6;191;3;Training;0;boron-B
6;192;3;Training;8;phosphorus-P
6;193;3;Training;0;boron-B
6;194;3;Training;1;calcium-Ca
6;195;3;Training;8;phosphorus-P
6;196;3;Training;8;phosphorus-P
6;197;3;Training;1;calcium-Ca
6;198;3;Training;6;more-deficiencies
6;199;3;Training;8;phosphorus-P
6;201;3;Training;6;more-deficiencies
6;202;3;Training;7;nitrogen-N
6;204;3;Training;7;nitrogen-N
6;205;3;Training;6;more-deficiencies
6;206;3;Training;8;phosphorus-P
6;207;3;Training;3;iron-Fe
6;208;3;Training;9;potasium-K
6;210;3;Training;1;calcium-Ca
6;211;3;Training;0;boron-B
6;212;3;Training;3;iron-Fe
6;213;3;Training;5;manganese-Mn
6;214;3;Training;5;manganese-Mn
6;215;3;Training;5;manganese-Mn
6;216;3;Training;7;nitrogen-N
6;217;3;Training;8;phosphorus-P
6;218;3;Training;3;iron-Fe
6;219;3;Training;6;more-deficiencies
6;220;3;Training;1;calcium-Ca
6;221;3;Training;3;iron-Fe
6;223;3;Training;0;boron-B
6;224;3;Training;0;boron-B
6;225;3;Training;3;iron-Fe
6;226;3;Training;8;phosphorus-P
6;228;3;Training;5;manganese-Mn
6;229;3;Training;1;calcium-Ca
6;231;3;Training;1;calcium-Ca
6;232;3;Training;1;calcium-Ca
6;233;3;Training;4;magnesium-Mg
6;234;3;Training;9;potasium-K
6;235;3;Training;7;nitrogen-N
6;236;3;Training;0;boron-B
6;237;3;Training;8;phosphorus-P
6;238;3;Training;0;boron-B
6;239;3;Training;1;calcium-Ca
6;240;3;Training;0;boron-B
6;241;3;Training;4;magnesium-Mg
6;243;3;Training;9;potasium-K
6;244;3;Training;1;calcium-Ca
6;246;3;Training;6;more-deficiencies
6;247;3;Training;8;phosphorus-P
6;248;3;Training;5;manganese-Mn
6;249;3;Training;0;boron-B
6;250;3;Training;0;boron-B
6;251;3;Training;8;phosphorus-P
6;253;3;Training;1;calcium-Ca
6;254;3;Training;3;iron-Fe
6;255;3;Training;8;phosphorus-P
6;256;3;Training;4;magnesium-Mg
6;257;3;Training;0;boron-B
6;258;3;Training;1;calcium-Ca
6;259;3;Training;8;phosphorus-P
6;260;3;Training;3;iron-Fe
6;261;3;Training;6;more-deficiencies
6;262;3;Training;8;phosphorus-P
6;263;3;Training;6;more-deficiencies
6;264;3;Training;6;more-deficiencies
6;265;3;Training;0;boron-B
6;267;3;Training;6;more-deficiencies
6;268;3;Training;6;more-deficiencies
6;269;3;Training;0;boron-B
6;270;3;Training;1;calcium-Ca
6;271;3;Training;8;phosphorus-P
6;273;3;Training;6;more-deficiencies
6;274;3;Training;0;boron-B
6;276;3;Training;5;manganese-Mn
6;277;3;Training;7;nitrogen-N
6;278;3;Training;1;calcium-Ca
6;279;3;Training;6;more-deficiencies
6;280;3;Training;8;phosphorus-P
6;283;3;Training;7;nitrogen-N
6;284;3;Training;5;manganese-Mn
6;285;3;Training;0;boron-B
6;286;3;Training;9;potasium-K
6;287;3;Training;8;phosphorus-P
6;288;3;Training;8;phosphorus-P
6;289;3;Training;8;phosphorus-P
6;290;3;Training;1;calcium-Ca
6;291;3;Training;5;manganese-Mn
6;292;3;Training;6;more-deficiencies
6;293;3;Training;9;potasium-K
6;295;3;Training;8;phosphorus-P
6;296;3;Training;5;manganese-Mn
6;297;3;Training;8;phosphorus-P
6;298;3;Training;0;boron-B
6;299;3;Training;1;calcium-Ca
6;300;3;Training;0;boron-B
6;302;3;Training;5;manganese-Mn
6;303;3;Training;6;more-deficiencies
6;304;3;Training;8;phosphorus-P
6;305;3;Training;8;phosphorus-P
6;306;3;Training;9;potasium-K
6;307;3;Training;3;iron-Fe
6;308;3;Training;3;iron-Fe
6;310;3;Training;8;phosphorus-P
6;311;3;Training;5;manganese-Mn
6;312;3;Training;1;calcium-Ca
6;313;3;Training;3;iron-Fe
6;315;3;Training;8;phosphorus-P
6;318;3;Training;6;more-deficiencies
6;322;3;Training;5;manganese-Mn
6;323;3;Training;9;potasium-K
6;325;3;Training;7;nitrogen-N
6;327;3;Training;4;magnesium-Mg
6;328;3;Training;8;phosphorus-P
6;329;3;Training;6;more-deficiencies
6;330;3;Training;9;potasium-K
6;331;3;Training;8;phosphorus-P
6;332;3;Training;7;nitrogen-N
6;333;3;Training;1;calcium-Ca
6;334;3;Training;9;potasium-K
6;335;3;Training;6;more-deficiencies
6;336;3;Training;7;nitrogen-N
6;338;3;Training;8;phosphorus-P
6;340;3;Training;8;phosphorus-P
6;341;3;Training;8;phosphorus-P
6;343;3;Training;0;boron-B
6;344;3;Training;8;phosphorus-P
6;346;3;Training;5;manganese-Mn
6;347;3;Training;6;more-deficiencies
6;348;3;Training;9;potasium-K
6;350;3;Training;4;magnesium-Mg
6;351;3;Training;1;calcium-Ca
6;352;3;Training;9;potasium-K
6;353;3;Training;3;iron-Fe
6;354;3;Training;6;more-deficiencies
6;357;3;Training;5;manganese-Mn
6;358;3;Training;5;manganese-Mn
6;360;3;Training;4;magnesium-Mg
6;361;3;Training;8;phosphorus-P
6;362;3;Training;4;magnesium-Mg
6;364;3;Training;3;iron-Fe
6;365;3;Training;7;nitrogen-N
6;366;3;Training;1;calcium-Ca
6;368;3;Training;6;more-deficiencies
6;369;3;Training;8;phosphorus-P
6;370;3;Training;6;more-deficiencies
6;371;3;Training;8;phosphorus-P
6;372;3;Training;8;phosphorus-P
6;373;3;Training;8;phosphorus-P
6;374;3;Training;8;phosphorus-P
6;376;3;Training;6;more-deficiencies
6;377;3;Training;8;phosphorus-P
6;378;3;Training;1;calcium-Ca
6;379;3;Training;1;calcium-Ca
6;380;3;Training;4;magnesium-Mg
6;382;3;Training;7;nitrogen-N
6;384;3;Training;1;calcium-Ca
6;385;3;Training;6;more-deficiencies
6;387;3;Training;9;potasium-K
6;388;3;Training;0;boron-B
6;389;3;Training;4;magnesium-Mg
6;390;3;Training;1;calcium-Ca
6;391;3;Training;5;manganese-Mn
6;392;3;Training;3;iron-Fe
6;393;3;Training;8;phosphorus-P
6;394;3;Training;8;phosphorus-P
6;395;3;Training;4;magnesium-Mg
6;396;3;Training;8;phosphorus-P
6;397;3;Training;1;calcium-Ca
6;399;3;Training;8;phosphorus-P
6;400;3;Training;9;potasium-K
6;401;3;Training;8;phosphorus-P
6;402;3;Training;5;manganese-Mn
6;403;3;Training;9;potasium-K
6;405;3;Training;9;potasium-K
6;407;3;Training;8;phosphorus-P
6;408;3;Training;8;phosphorus-P
6;409;3;Training;8;phosphorus-P
6;410;3;Training;1;calcium-Ca
6;411;3;Training;0;boron-B
6;412;3;Training;3;iron-Fe
6;413;3;Training;8;phosphorus-P
6;415;3;Training;0;boron-B
6;416;3;Training;8;phosphorus-P
6;419;3;Training;9;potasium-K
6;420;3;Training;7;nitrogen-N
6;421;3;Training;9;potasium-K
6;422;3;Training;7;nitrogen-N
6;423;3;Training;1;calcium-Ca
6;424;3;Training;9;potasium-K
6;425;3;Training;5;manganese-Mn
6;426;3;Training;8;phosphorus-P
6;427;3;Training;0;boron-B
6;429;3;Training;8;phosphorus-P
6;432;3;Training;0;boron-B
6;435;3;Training;4;magnesium-Mg
6;437;3;Training;0;boron-B
6;438;3;Training;8;phosphorus-P
6;439;3;Training;8;phosphorus-P
6;442;3;Training;1;calcium-Ca
6;443;3;Training;4;magnesium-Mg
6;444;3;Training;0;boron-B
6;445;3;Training;5;manganese-Mn
6;446;3;Training;1;calcium-Ca
6;448;3;Training;1;calcium-Ca
6;449;3;Training;1;calcium-Ca
6;450;3;Training;9;potasium-K
6;452;3;Training;9;potasium-K
6;453;3;Training;9;potasium-K
6;454;3;Training;8;phosphorus-P
6;455;3;Training;7;nitrogen-N
6;456;3;Training;9;potasium-K
6;459;3;Training;3;iron-Fe
6;460;3;Training;1;calcium-Ca
6;461;3;Training;8;phosphorus-P
6;463;3;Training;6;more-deficiencies
6;464;3;Training;0;boron-B
6;465;3;Training;6;more-deficiencies
6;466;3;Training;1;calcium-Ca
6;467;3;Training;8;phosphorus-P
6;468;3;Training;5;manganese-Mn
6;470;3;Training;5;manganese-Mn
6;471;3;Training;8;phosphorus-P
6;472;3;Training;7;nitrogen-N
6;473;3;Training;6;more-deficiencies
6;474;3;Training;9;potasium-K
6;475;3;Training;8;phosphorus-P
6;477;3;Training;3;iron-Fe
6;478;3;Training;9;potasium-K
6;480;3;Training;8;phosphorus-P
6;482;3;Training;3;iron-Fe
6;483;3;Training;1;calcium-Ca
6;484;3;Training;1;calcium-Ca
6;486;3;Training;1;calcium-Ca
6;487;3;Training;7;nitrogen-N
6;488;3;Training;3;iron-Fe
6;489;3;Training;3;iron-Fe
6;490;3;Training;9;potasium-K
6;491;3;Training;1;calcium-Ca
6;493;3;Training;1;calcium-Ca
6;494;3;Training;8;phosphorus-P
6;495;3;Training;8;phosphorus-P
6;496;3;Training;3;iron-Fe
6;497;3;Training;1;calcium-Ca
6;498;3;Training;8;phosphorus-P
6;499;3;Training;4;magnesium-Mg
6;500;3;Training;8;phosphorus-P
6;501;3;Training;8;phosphorus-P
6;502;3;Training;1;calcium-Ca
6;503;3;Training;4;magnesium-Mg
6;505;3;Training;8;phosphorus-P
6;506;3;Training;4;magnesium-Mg
6;507;3;Training;8;phosphorus-P
6;508;3;Training;0;boron-B
6;509;3;Training;0;boron-B
6;510;3;Training;1;calcium-Ca
6;511;3;Training;1;calcium-Ca
6;512;3;Training;9;potasium-K
6;513;3;Training;6;more-deficiencies
6;514;3;Training;6;more-deficiencies
6;515;3;Training;4;magnesium-Mg
6;516;3;Training;1;calcium-Ca
6;517;3;Training;4;magnesium-Mg
6;519;3;Training;8;phosphorus-P
6;521;3;Training;1;calcium-Ca
6;522;3;Training;0;boron-B
6;524;3;Training;0;boron-B
6;525;3;Training;9;potasium-K
6;526;3;Training;9;potasium-K
6;527;3;Training;8;phosphorus-P
6;528;3;Training;1;calcium-Ca
6;529;3;Training;8;phosphorus-P
6;530;3;Training;1;calcium-Ca
6;531;3;Training;8;phosphorus-P
6;532;3;Training;6;more-deficiencies
6;533;3;Training;0;boron-B
6;534;3;Training;7;nitrogen-N
6;535;3;Training;3;iron-Fe
6;536;3;Training;4;magnesium-Mg
6;537;3;Training;1;calcium-Ca
6;538;3;Training;5;manganese-Mn
6;543;3;Training;1;calcium-Ca
6;544;3;Training;1;calcium-Ca
6;545;3;Training;1;calcium-Ca
6;547;3;Training;1;calcium-Ca
6;548;3;Training;4;magnesium-Mg
6;549;3;Training;5;manganese-Mn
6;550;3;Training;7;nitrogen-N
6;552;3;Training;0;boron-B
6;553;3;Training;3;iron-Fe
6;554;3;Training;3;iron-Fe
6;555;3;Training;8;phosphorus-P
6;557;3;Training;8;phosphorus-P
6;558;3;Training;1;calcium-Ca
6;560;3;Training;8;phosphorus-P
6;563;3;Training;1;calcium-Ca
6;564;3;Training;8;phosphorus-P
6;565;3;Training;8;phosphorus-P
6;566;3;Training;5;manganese-Mn
6;567;3;Training;1;calcium-Ca
6;568;3;Training;1;calcium-Ca
6;569;3;Training;1;calcium-Ca
6;571;3;Training;0;boron-B
6;572;3;Training;8;phosphorus-P
6;573;3;Training;8;phosphorus-P
6;574;3;Training;9;potasium-K
6;575;3;Training;9;potasium-K
6;578;3;Training;1;calcium-Ca
6;579;3;Training;4;magnesium-Mg
6;581;3;Training;1;calcium-Ca
6;582;3;Training;1;calcium-Ca
6;583;3;Training;8;phosphorus-P
6;584;3;Training;8;phosphorus-P
6;585;3;Training;8;phosphorus-P
6;586;3;Training;9;potasium-K
6;587;3;Training;9;potasium-K
6;588;3;Training;3;iron-Fe
6;589;3;Training;0;boron-B
6;591;3;Training;6;more-deficiencies
6;592;3;Training;8;phosphorus-P
6;595;3;Training;9;potasium-K
6;596;3;Training;1;calcium-Ca
6;597;3;Training;8;phosphorus-P
6;598;3;Training;8;phosphorus-P
6;599;3;Training;1;calcium-Ca
6;600;3;Training;5;manganese-Mn
6;601;3;Training;1;calcium-Ca
6;602;3;Training;6;more-deficiencies
6;604;3;Training;3;iron-Fe
6;605;3;Training;3;iron-Fe
6;607;3;Training;1;calcium-Ca
6;608;3;Training;7;nitrogen-N
6;609;3;Training;1;calcium-Ca
6;610;3;Training;1;calcium-Ca
6;611;3;Training;8;phosphorus-P
6;612;3;Training;8;phosphorus-P
6;613;3;Training;0;boron-B
6;615;3;Training;6;more-deficiencies
6;616;3;Training;1;calcium-Ca
6;617;3;Training;4;magnesium-Mg
6;618;3;Training;6;more-deficiencies
6;619;3;Training;6;more-deficiencies
6;620;3;Training;4;magnesium-Mg
6;621;3;Training;8;phosphorus-P
6;622;3;Training;0;boron-B
6;623;3;Training;9;potasium-K
6;624;3;Training;6;more-deficiencies
6;625;3;Training;2;healthy
6;627;3;Training;4;magnesium-Mg
6;628;3;Training;8;phosphorus-P
6;629;3;Training;5;manganese-Mn
6;630;3;Training;8;phosphorus-P
6;631;3;Training;6;more-deficiencies
6;632;3;Training;5;manganese-Mn
6;633;3;Training;8;phosphorus-P
6;634;3;Training;1;calcium-Ca
6;635;3;Training;5;manganese-Mn
6;636;3;Training;1;calcium-Ca
6;637;3;Training;0;boron-B
6;638;3;Training;6;more-deficiencies
6;640;3;Training;0;boron-B
6;641;3;Training;4;magnesium-Mg
6;642;3;Training;1;calcium-Ca
6;643;3;Training;1;calcium-Ca
6;644;3;Training;7;nitrogen-N
6;645;3;Training;1;calcium-Ca
6;646;3;Training;0;boron-B
6;648;3;Training;9;potasium-K
6;649;3;Training;8;phosphorus-P
6;650;3;Training;7;nitrogen-N
6;652;3;Training;6;more-deficiencies
6;654;3;Training;9;potasium-K
6;655;3;Training;5;manganese-Mn
6;656;3;Training;0;boron-B
6;657;3;Training;8;phosphorus-P
6;658;3;Training;8;phosphorus-P
6;659;3;Training;3;iron-Fe
6;660;3;Training;9;potasium-K
6;661;3;Training;1;calcium-Ca
6;662;3;Training;4;magnesium-Mg
6;663;3;Training;6;more-deficiencies
6;666;3;Training;4;magnesium-Mg
6;667;3;Training;6;more-deficiencies
6;668;3;Training;8;phosphorus-P
6;669;3;Training;5;manganese-Mn
6;670;3;Training;8;phosphorus-P
6;671;3;Training;0;boron-B
6;672;3;Training;1;calcium-Ca
6;674;3;Training;8;phosphorus-P
6;675;3;Training;8;phosphorus-P
6;676;3;Training;6;more-deficiencies
6;677;3;Training;8;phosphorus-P
6;678;3;Training;6;more-deficiencies
6;679;3;Training;4;magnesium-Mg
6;680;3;Training;9;potasium-K
6;681;3;Training;6;more-deficiencies
6;683;3;Training;0;boron-B
6;685;3;Training;8;phosphorus-P
6;686;3;Training;1;calcium-Ca
6;687;3;Training;1;calcium-Ca
6;688;3;Training;1;calcium-Ca
6;689;3;Training;8;phosphorus-P
6;691;3;Training;6;more-deficiencies
6;692;3;Training;8;phosphorus-P
6;693;3;Training;8;phosphorus-P
6;694;3;Training;9;potasium-K
6;695;3;Training;1;calcium-Ca
6;696;3;Training;9;potasium-K
6;697;3;Training;1;calcium-Ca
6;699;3;Training;5;manganese-Mn
6;700;3;Training;5;manganese-Mn
6;701;3;Training;4;magnesium-Mg
6;703;3;Training;9;potasium-K
6;704;3;Training;1;calcium-Ca
6;705;3;Training;9;potasium-K
6;707;3;Training;0;boron-B
6;708;3;Training;8;phosphorus-P
6;709;3;Training;0;boron-B
6;710;3;Training;4;magnesium-Mg
6;711;3;Training;4;magnesium-Mg
6;712;3;Training;8;phosphorus-P
6;713;3;Training;1;calcium-Ca
6;714;3;Training;9;potasium-K
6;715;3;Training;1;calcium-Ca
6;717;3;Training;4;magnesium-Mg
6;718;3;Training;0;boron-B
6;719;3;Training;8;phosphorus-P
6;720;3;Training;3;iron-Fe
6;722;3;Training;9;potasium-K
6;723;3;Training;9;potasium-K
6;724;3;Training;8;phosphorus-P
6;725;3;Training;3;iron-Fe
6;726;3;Training;3;iron-Fe
6;727;3;Training;1;calcium-Ca
6;728;3;Training;1;calcium-Ca
6;729;3;Training;8;phosphorus-P
6;730;3;Training;7;nitrogen-N
6;731;3;Training;7;nitrogen-N
6;732;3;Training;8;phosphorus-P
6;733;3;Training;1;calcium-Ca
6;736;3;Training;6;more-deficiencies
6;737;3;Training;1;calcium-Ca
6;738;3;Training;6;more-deficiencies
6;740;3;Training;1;calcium-Ca
6;741;3;Training;6;more-deficiencies
6;742;3;Training;3;iron-Fe
6;743;3;Training;6;more-deficiencies
6;744;3;Training;4;magnesium-Mg
6;747;3;Training;0;boron-B
6;748;3;Training;7;nitrogen-N
6;749;3;Training;6;more-deficiencies
6;750;3;Training;8;phosphorus-P
6;752;3;Training;5;manganese-Mn
6;753;3;Training;8;phosphorus-P
6;754;3;Training;8;phosphorus-P
6;755;3;Training;1;calcium-Ca
6;756;3;Training;0;boron-B
6;758;3;Training;9;potasium-K
6;759;3;Training;7;nitrogen-N
6;760;3;Training;3;iron-Fe
6;761;3;Training;1;calcium-Ca
6;762;3;Training;8;phosphorus-P
6;763;3;Training;1;calcium-Ca
6;764;3;Training;8;phosphorus-P
6;765;3;Training;0;boron-B
6;766;3;Training;6;more-deficiencies
6;768;3;Training;8;phosphorus-P
6;769;3;Training;7;nitrogen-N
6;770;3;Training;8;phosphorus-P
6;771;3;Training;4;magnesium-Mg
6;772;3;Training;9;potasium-K
6;773;3;Training;6;more-deficiencies
6;775;3;Training;0;boron-B
6;776;3;Training;9;potasium-K
6;777;3;Training;8;phosphorus-P
6;778;3;Training;1;calcium-Ca
6;779;3;Training;8;phosphorus-P
6;781;3;Training;0;boron-B
6;782;3;Training;5;manganese-Mn
6;783;3;Training;0;boron-B
6;785;3;Training;8;phosphorus-P
6;786;3;Training;4;magnesium-Mg
6;787;3;Training;4;magnesium-Mg
6;788;3;Training;3;iron-Fe
6;789;3;Training;9;potasium-K
6;790;3;Training;5;manganese-Mn
6;791;3;Training;8;phosphorus-P
6;793;3;Training;4;magnesium-Mg
6;794;3;Training;7;nitrogen-N
6;795;3;Training;8;phosphorus-P
6;796;3;Training;8;phosphorus-P
6;798;3;Training;6;more-deficiencies
6;799;3;Training;5;manganese-Mn
6;800;3;Training;5;manganese-Mn
6;801;3;Training;3;iron-Fe
6;802;3;Training;4;magnesium-Mg
6;803;3;Training;8;phosphorus-P
7;0;3;Testing;8;phosphorus-P
7;1;3;Testing;4;magnesium-Mg
7;3;3;Testing;1;calcium-Ca
7;8;3;Testing;7;nitrogen-N
7;15;3;Testing;5;manganese-Mn
7;19;3;Testing;5;manganese-Mn
7;23;3;Testing;8;phosphorus-P
7;26;3;Testing;1;calcium-Ca
7;35;3;Testing;5;manganese-Mn
7;39;3;Testing;9;potasium-K
7;47;3;Testing;0;boron-B
7;51;3;Testing;6;more-deficiencies
7;54;3;Testing;3;iron-Fe
7;57;3;Testing;1;calcium-Ca
7;64;3;Testing;2;healthy
7;67;3;Testing;8;phosphorus-P
7;68;3;Testing;6;more-deficiencies
7;80;3;Testing;8;phosphorus-P
7;82;3;Testing;3;iron-Fe
7;83;3;Testing;4;magnesium-Mg
7;86;3;Testing;6;more-deficiencies
7;92;3;Testing;6;more-deficiencies
7;99;3;Testing;1;calcium-Ca
7;104;3;Testing;9;potasium-K
7;105;3;Testing;8;phosphorus-P
7;106;3;Testing;1;calcium-Ca
7;107;3;Testing;9;potasium-K
7;113;3;Testing;4;magnesium-Mg
7;116;3;Testing;1;calcium-Ca
7;120;3;Testing;1;calcium-Ca
7;122;3;Testing;8;phosphorus-P
7;127;3;Testing;5;manganese-Mn
7;129;3;Testing;8;phosphorus-P
7;145;3;Testing;3;iron-Fe
7;151;3;Testing;8;phosphorus-P
7;154;3;Testing;1;calcium-Ca
7;156;3;Testing;4;magnesium-Mg
7;167;3;Testing;6;more-deficiencies
7;170;3;Testing;8;phosphorus-P
7;176;3;Testing;9;potasium-K
7;177;3;Testing;3;iron-Fe
7;179;3;Testing;1;calcium-Ca
7;180;3;Testing;8;phosphorus-P
7;188;3;Testing;0;boron-B
7;200;3;Testing;6;more-deficiencies
7;203;3;Testing;9;potasium-K
7;209;3;Testing;0;boron-B
7;222;3;Testing;8;phosphorus-P
7;227;3;Testing;8;phosphorus-P
7;230;3;Testing;1;calcium-Ca
7;242;3;Testing;6;more-deficiencies
7;245;3;Testing;9;potasium-K
7;252;3;Testing;1;calcium-Ca
7;266;3;Testing;1;calcium-Ca
7;272;3;Testing;4;magnesium-Mg
7;275;3;Testing;5;manganese-Mn
7;281;3;Testing;1;calcium-Ca
7;282;3;Testing;1;calcium-Ca
7;294;3;Testing;4;magnesium-Mg
7;301;3;Testing;5;manganese-Mn
7;309;3;Testing;3;iron-Fe
7;314;3;Testing;7;nitrogen-N
7;316;3;Testing;8;phosphorus-P
7;317;3;Testing;0;boron-B
7;319;3;Testing;3;iron-Fe
7;320;3;Testing;0;boron-B
7;321;3;Testing;8;phosphorus-P
7;324;3;Testing;0;boron-B
7;326;3;Testing;5;manganese-Mn
7;337;3;Testing;9;potasium-K
7;339;3;Testing;8;phosphorus-P
7;342;3;Testing;1;calcium-Ca
7;345;3;Testing;0;boron-B
7;349;3;Testing;5;manganese-Mn
7;355;3;Testing;7;nitrogen-N
7;356;3;Testing;8;phosphorus-P
7;359;3;Testing;8;phosphorus-P
7;363;3;Testing;3;iron-Fe
7;367;3;Testing;6;more-deficiencies
7;375;3;Testing;8;phosphorus-P
7;381;3;Testing;8;phosphorus-P
7;383;3;Testing;4;magnesium-Mg
7;386;3;Testing;7;nitrogen-N
7;398;3;Testing;8;phosphorus-P
7;404;3;Testing;8;phosphorus-P
7;406;3;Testing;1;calcium-Ca
7;414;3;Testing;8;phosphorus-P
7;417;3;Testing;9;potasium-K
7;418;3;Testing;9;potasium-K
7;428;3;Testing;7;nitrogen-N
7;430;3;Testing;5;manganese-Mn
7;431;3;Testing;8;phosphorus-P
7;433;3;Testing;8;phosphorus-P
7;434;3;Testing;6;more-deficiencies
7;436;3;Testing;4;magnesium-Mg
7;440;3;Testing;8;phosphorus-P
7;441;3;Testing;0;boron-B
7;447;3;Testing;8;phosphorus-P
7;451;3;Testing;1;calcium-Ca
7;457;3;Testing;6;more-deficiencies
7;458;3;Testing;0;boron-B
7;462;3;Testing;7;nitrogen-N
7;469;3;Testing;6;more-deficiencies
7;476;3;Testing;0;boron-B
7;479;3;Testing;4;magnesium-Mg
7;481;3;Testing;6;more-deficiencies
7;485;3;Testing;8;phosphorus-P
7;492;3;Testing;8;phosphorus-P
7;504;3;Testing;1;calcium-Ca
7;518;3;Testing;0;boron-B
7;520;3;Testing;8;phosphorus-P
7;523;3;Testing;0;boron-B
7;539;3;Testing;4;magnesium-Mg
7;540;3;Testing;3;iron-Fe
7;541;3;Testing;7;nitrogen-N
7;542;3;Testing;9;potasium-K
7;546;3;Testing;0;boron-B
7;551;3;Testing;8;phosphorus-P
7;556;3;Testing;8;phosphorus-P
7;559;3;Testing;6;more-deficiencies
7;561;3;Testing;7;nitrogen-N
7;562;3;Testing;7;nitrogen-N
7;570;3;Testing;4;magnesium-Mg
7;576;3;Testing;6;more-deficiencies
7;577;3;Testing;7;nitrogen-N
7;580;3;Testing;9;potasium-K
7;590;3;Testing;4;magnesium-Mg
7;593;3;Testing;0;boron-B
7;594;3;Testing;9;potasium-K
7;603;3;Testing;0;boron-B
7;606;3;Testing;1;calcium-Ca
7;614;3;Testing;0;boron-B
7;626;3;Testing;8;phosphorus-P
7;639;3;Testing;1;calcium-Ca
7;647;3;Testing;8;phosphorus-P
7;651;3;Testing;5;manganese-Mn
7;653;3;Testing;6;more-deficiencies
7;664;3;Testing;1;calcium-Ca
7;665;3;Testing;9;potasium-K
7;673;3;Testing;9;potasium-K
7;682;3;Testing;0;boron-B
7;684;3;Testing;5;manganese-Mn
7;690;3;Testing;5;manganese-Mn
7;698;3;Testing;3;iron-Fe
7;702;3;Testing;5;manganese-Mn
7;706;3;Testing;9;potasium-K
7;716;3;Testing;8;phosphorus-P
7;721;3;Testing;8;phosphorus-P
7;734;3;Testing;3;iron-Fe
7;735;3;Testing;9;potasium-K
7;739;3;Testing;8;phosphorus-P
7;745;3;Testing;8;phosphorus-P
7;746;3;Testing;8;phosphorus-P
7;751;3;Testing;1;calcium-Ca
7;757;3;Testing;1;calcium-Ca
7;767;3;Testing;8;phosphorus-P
7;774;3;Testing;1;calcium-Ca
7;780;3;Testing;6;more-deficiencies
7;784;3;Testing;1;calcium-Ca
7;792;3;Testing;4;magnesium-Mg
7;797;3;Testing;1;calcium-Ca
8;0;4;Training;8;phosphorus-P
8;1;4;Training;4;magnesium-Mg
8;3;4;Training;1;calcium-Ca
8;4;4;Training;7;nitrogen-N
8;5;4;Training;6;more-deficiencies
8;6;4;Training;0;boron-B
8;7;4;Training;1;calcium-Ca
8;8;4;Training;7;nitrogen-N
8;9;4;Training;8;phosphorus-P
8;11;4;Training;8;phosphorus-P
8;12;4;Training;3;iron-Fe
8;14;4;Training;3;iron-Fe
8;15;4;Training;5;manganese-Mn
8;16;4;Training;8;phosphorus-P
8;17;4;Training;4;magnesium-Mg
8;18;4;Training;0;boron-B
8;19;4;Training;5;manganese-Mn
8;20;4;Training;5;manganese-Mn
8;21;4;Training;9;potasium-K
8;23;4;Training;8;phosphorus-P
8;24;4;Training;1;calcium-Ca
8;25;4;Training;7;nitrogen-N
8;26;4;Training;1;calcium-Ca
8;28;4;Training;3;iron-Fe
8;29;4;Training;8;phosphorus-P
8;30;4;Training;5;manganese-Mn
8;31;4;Training;5;manganese-Mn
8;32;4;Training;8;phosphorus-P
8;33;4;Training;6;more-deficiencies
8;34;4;Training;7;nitrogen-N
8;35;4;Training;5;manganese-Mn
8;39;4;Training;9;potasium-K
8;40;4;Training;1;calcium-Ca
8;42;4;Training;8;phosphorus-P
8;45;4;Training;0;boron-B
8;46;4;Training;2;healthy
8;47;4;Training;0;boron-B
8;50;4;Training;8;phosphorus-P
8;51;4;Training;6;more-deficiencies
8;52;4;Training;9;potasium-K
8;53;4;Training;2;healthy
8;54;4;Training;3;iron-Fe
8;55;4;Training;0;boron-B
8;56;4;Training;4;magnesium-Mg
8;57;4;Training;1;calcium-Ca
8;58;4;Training;0;boron-B
8;60;4;Training;6;more-deficiencies
8;61;4;Training;6;more-deficiencies
8;62;4;Training;8;phosphorus-P
8;63;4;Training;8;phosphorus-P
8;64;4;Training;2;healthy
8;65;4;Training;6;more-deficiencies
8;66;4;Training;8;phosphorus-P
8;67;4;Training;8;phosphorus-P
8;68;4;Training;6;more-deficiencies
8;69;4;Training;9;potasium-K
8;70;4;Training;7;nitrogen-N
8;71;4;Training;3;iron-Fe
8;73;4;Training;8;phosphorus-P
8;74;4;Training;8;phosphorus-P
8;76;4;Training;1;calcium-Ca
8;77;4;Training;8;phosphorus-P
8;79;4;Training;8;phosphorus-P
8;80;4;Training;8;phosphorus-P
8;81;4;Training;5;manganese-Mn
8;82;4;Training;3;iron-Fe
8;83;4;Training;4;magnesium-Mg
8;84;4;Training;7;nitrogen-N
8;86;4;Training;6;more-deficiencies
8;87;4;Training;7;nitrogen-N
8;88;4;Training;8;phosphorus-P
8;89;4;Training;4;magnesium-Mg
8;90;4;Training;6;more-deficiencies
8;91;4;Training;4;magnesium-Mg
8;92;4;Training;6;more-deficiencies
8;93;4;Training;8;phosphorus-P
8;94;4;Training;1;calcium-Ca
8;95;4;Training;9;potasium-K
8;96;4;Training;1;calcium-Ca
8;97;4;Training;5;manganese-Mn
8;98;4;Training;8;phosphorus-P
8;99;4;Training;1;calcium-Ca
8;100;4;Training;4;magnesium-Mg
8;101;4;Training;9;potasium-K
8;104;4;Training;9;potasium-K
8;105;4;Training;8;phosphorus-P
8;106;4;Training;1;calcium-Ca
8;107;4;Training;9;potasium-K
8;109;4;Training;0;boron-B
8;111;4;Training;8;phosphorus-P
8;113;4;Training;4;magnesium-Mg
8;114;4;Training;8;phosphorus-P
8;115;4;Training;8;phosphorus-P
8;116;4;Training;1;calcium-Ca
8;117;4;Training;9;potasium-K
8;119;4;Training;3;iron-Fe
8;120;4;Training;1;calcium-Ca
8;121;4;Training;5;manganese-Mn
8;122;4;Training;8;phosphorus-P
8;124;4;Training;5;manganese-Mn
8;125;4;Training;9;potasium-K
8;126;4;Training;8;phosphorus-P
8;127;4;Training;5;manganese-Mn
8;128;4;Training;0;boron-B
8;129;4;Training;8;phosphorus-P
8;130;4;Training;7;nitrogen-N
8;131;4;Training;6;more-deficiencies
8;132;4;Training;4;magnesium-Mg
8;133;4;Training;5;manganese-Mn
8;134;4;Training;8;phosphorus-P
8;135;4;Training;5;manganese-Mn
8;136;4;Training;7;nitrogen-N
8;138;4;Training;8;phosphorus-P
8;139;4;Training;4;magnesium-Mg
8;141;4;Training;6;more-deficiencies
8;142;4;Training;1;calcium-Ca
8;143;4;Training;6;more-deficiencies
8;144;4;Training;7;nitrogen-N
8;145;4;Training;3;iron-Fe
8;147;4;Training;7;nitrogen-N
8;148;4;Training;8;phosphorus-P
8;149;4;Training;1;calcium-Ca
8;150;4;Training;7;nitrogen-N
8;151;4;Training;8;phosphorus-P
8;152;4;Training;8;phosphorus-P
8;153;4;Training;9;potasium-K
8;154;4;Training;1;calcium-Ca
8;156;4;Training;4;magnesium-Mg
8;157;4;Training;5;manganese-Mn
8;158;4;Training;7;nitrogen-N
8;159;4;Training;6;more-deficiencies
8;160;4;Training;9;potasium-K
8;161;4;Training;3;iron-Fe
8;162;4;Training;4;magnesium-Mg
8;163;4;Training;7;nitrogen-N
8;164;4;Training;8;phosphorus-P
8;166;4;Training;1;calcium-Ca
8;167;4;Training;6;more-deficiencies
8;168;4;Training;8;phosphorus-P
8;169;4;Training;1;calcium-Ca
8;170;4;Training;8;phosphorus-P
8;171;4;Training;8;phosphorus-P
8;172;4;Training;5;manganese-Mn
8;173;4;Training;0;boron-B
8;174;4;Training;6;more-deficiencies
8;176;4;Training;9;potasium-K
8;177;4;Training;3;iron-Fe
8;178;4;Training;4;magnesium-Mg
8;179;4;Training;1;calcium-Ca
8;180;4;Training;8;phosphorus-P
8;181;4;Training;9;potasium-K
8;183;4;Training;8;phosphorus-P
8;186;4;Training;5;manganese-Mn
8;188;4;Training;0;boron-B
8;189;4;Training;8;phosphorus-P
8;190;4;Training;4;magnesium-Mg
8;191;4;Training;0;boron-B
8;193;4;Training;0;boron-B
8;194;4;Training;1;calcium-Ca
8;195;4;Training;8;phosphorus-P
8;196;4;Training;8;phosphorus-P
8;197;4;Training;1;calcium-Ca
8;198;4;Training;6;more-deficiencies
8;200;4;Training;6;more-deficiencies
8;201;4;Training;6;more-deficiencies
8;203;4;Training;9;potasium-K
8;204;4;Training;7;nitrogen-N
8;206;4;Training;8;phosphorus-P
8;207;4;Training;3;iron-Fe
8;208;4;Training;9;potasium-K
8;209;4;Training;0;boron-B
8;210;4;Training;1;calcium-Ca
8;211;4;Training;0;boron-B
8;213;4;Training;5;manganese-Mn
8;216;4;Training;7;nitrogen-N
8;217;4;Training;8;phosphorus-P
8;218;4;Training;3;iron-Fe
8;219;4;Training;6;more-deficiencies
8;221;4;Training;3;iron-Fe
8;222;4;Training;8;phosphorus-P
8;223;4;Training;0;boron-B
8;224;4;Training;0;boron-B
8;225;4;Training;3;iron-Fe
8;226;4;Training;8;phosphorus-P
8;227;4;Training;8;phosphorus-P
8;228;4;Training;5;manganese-Mn
8;229;4;Training;1;calcium-Ca
8;230;4;Training;1;calcium-Ca
8;232;4;Training;1;calcium-Ca
8;233;4;Training;4;magnesium-Mg
8;234;4;Training;9;potasium-K
8;236;4;Training;0;boron-B
8;239;4;Training;1;calcium-Ca
8;240;4;Training;0;boron-B
8;241;4;Training;4;magnesium-Mg
8;242;4;Training;6;more-deficiencies
8;243;4;Training;9;potasium-K
8;244;4;Training;1;calcium-Ca
8;245;4;Training;9;potasium-K
8;246;4;Training;6;more-deficiencies
8;247;4;Training;8;phosphorus-P
8;248;4;Training;5;manganese-Mn
8;249;4;Training;0;boron-B
8;252;4;Training;1;calcium-Ca
8;253;4;Training;1;calcium-Ca
8;254;4;Training;3;iron-Fe
8;255;4;Training;8;phosphorus-P
8;258;4;Training;1;calcium-Ca
8;259;4;Training;8;phosphorus-P
8;260;4;Training;3;iron-Fe
8;261;4;Training;6;more-deficiencies
8;262;4;Training;8;phosphorus-P
8;264;4;Training;6;more-deficiencies
8;265;4;Training;0;boron-B
8;266;4;Training;1;calcium-Ca
8;268;4;Training;6;more-deficiencies
8;269;4;Training;0;boron-B
8;270;4;Training;1;calcium-Ca
8;272;4;Training;4;magnesium-Mg
8;273;4;Training;6;more-deficiencies
8;274;4;Training;0;boron-B
8;275;4;Training;5;manganese-Mn
8;276;4;Training;5;manganese-Mn
8;277;4;Training;7;nitrogen-N
8;278;4;Training;1;calcium-Ca
8;279;4;Training;6;more-deficiencies
8;280;4;Training;8;phosphorus-P
8;281;4;Training;1;calcium-Ca
8;282;4;Training;1;calcium-Ca
8;283;4;Training;7;nitrogen-N
8;284;4;Training;5;manganese-Mn
8;286;4;Training;9;potasium-K
8;288;4;Training;8;phosphorus-P
8;289;4;Training;8;phosphorus-P
8;290;4;Training;1;calcium-Ca
8;292;4;Training;6;more-deficiencies
8;293;4;Training;9;potasium-K
8;294;4;Training;4;magnesium-Mg
8;296;4;Training;5;manganese-Mn
8;298;4;Training;0;boron-B
8;299;4;Training;1;calcium-Ca
8;300;4;Training;0;boron-B
8;301;4;Training;5;manganese-Mn
8;305;4;Training;8;phosphorus-P
8;306;4;Training;9;potasium-K
8;308;4;Training;3;iron-Fe
8;309;4;Training;3;iron-Fe
8;310;4;Training;8;phosphorus-P
8;311;4;Training;5;manganese-Mn
8;312;4;Training;1;calcium-Ca
8;313;4;Training;3;iron-Fe
8;314;4;Training;7;nitrogen-N
8;315;4;Training;8;phosphorus-P
8;316;4;Training;8;phosphorus-P
8;317;4;Training;0;boron-B
8;318;4;Training;6;more-deficiencies
8;319;4;Training;3;iron-Fe
8;320;4;Training;0;boron-B
8;321;4;Training;8;phosphorus-P
8;322;4;Training;5;manganese-Mn
8;323;4;Training;9;potasium-K
8;324;4;Training;0;boron-B
8;326;4;Training;5;manganese-Mn
8;327;4;Training;4;magnesium-Mg
8;328;4;Training;8;phosphorus-P
8;329;4;Training;6;more-deficiencies
8;332;4;Training;7;nitrogen-N
8;333;4;Training;1;calcium-Ca
8;336;4;Training;7;nitrogen-N
8;337;4;Training;9;potasium-K
8;338;4;Training;8;phosphorus-P
8;339;4;Training;8;phosphorus-P
8;340;4;Training;8;phosphorus-P
8;341;4;Training;8;phosphorus-P
8;342;4;Training;1;calcium-Ca
8;343;4;Training;0;boron-B
8;344;4;Training;8;phosphorus-P
8;345;4;Training;0;boron-B
8;346;4;Training;5;manganese-Mn
8;347;4;Training;6;more-deficiencies
8;348;4;Training;9;potasium-K
8;349;4;Training;5;manganese-Mn
8;352;4;Training;9;potasium-K
8;353;4;Training;3;iron-Fe
8;354;4;Training;6;more-deficiencies
8;355;4;Training;7;nitrogen-N
8;356;4;Training;8;phosphorus-P
8;357;4;Training;5;manganese-Mn
8;358;4;Training;5;manganese-Mn
8;359;4;Training;8;phosphorus-P
8;360;4;Training;4;magnesium-Mg
8;361;4;Training;8;phosphorus-P
8;362;4;Training;4;magnesium-Mg
8;363;4;Training;3;iron-Fe
8;364;4;Training;3;iron-Fe
8;365;4;Training;7;nitrogen-N
8;366;4;Training;1;calcium-Ca
8;367;4;Training;6;more-deficiencies
8;368;4;Training;6;more-deficiencies
8;369;4;Training;8;phosphorus-P
8;370;4;Training;6;more-deficiencies
8;371;4;Training;8;phosphorus-P
8;372;4;Training;8;phosphorus-P
8;373;4;Training;8;phosphorus-P
8;375;4;Training;8;phosphorus-P
8;376;4;Training;6;more-deficiencies
8;377;4;Training;8;phosphorus-P
8;379;4;Training;1;calcium-Ca
8;380;4;Training;4;magnesium-Mg
8;381;4;Training;8;phosphorus-P
8;382;4;Training;7;nitrogen-N
8;383;4;Training;4;magnesium-Mg
8;384;4;Training;1;calcium-Ca
8;385;4;Training;6;more-deficiencies
8;386;4;Training;7;nitrogen-N
8;387;4;Training;9;potasium-K
8;388;4;Training;0;boron-B
8;389;4;Training;4;magnesium-Mg
8;390;4;Training;1;calcium-Ca
8;391;4;Training;5;manganese-Mn
8;393;4;Training;8;phosphorus-P
8;394;4;Training;8;phosphorus-P
8;395;4;Training;4;magnesium-Mg
8;396;4;Training;8;phosphorus-P
8;397;4;Training;1;calcium-Ca
8;398;4;Training;8;phosphorus-P
8;399;4;Training;8;phosphorus-P
8;402;4;Training;5;manganese-Mn
8;404;4;Training;8;phosphorus-P
8;405;4;Training;9;potasium-K
8;406;4;Training;1;calcium-Ca
8;407;4;Training;8;phosphorus-P
8;408;4;Training;8;phosphorus-P
8;409;4;Training;8;phosphorus-P
8;412;4;Training;3;iron-Fe
8;413;4;Training;8;phosphorus-P
8;414;4;Training;8;phosphorus-P
8;415;4;Training;0;boron-B
8;416;4;Training;8;phosphorus-P
8;417;4;Training;9;potasium-K
8;418;4;Training;9;potasium-K
8;419;4;Training;9;potasium-K
8;420;4;Training;7;nitrogen-N
8;421;4;Training;9;potasium-K
8;423;4;Training;1;calcium-Ca
8;424;4;Training;9;potasium-K
8;425;4;Training;5;manganese-Mn
8;426;4;Training;8;phosphorus-P
8;427;4;Training;0;boron-B
8;428;4;Training;7;nitrogen-N
8;429;4;Training;8;phosphorus-P
8;430;4;Training;5;manganese-Mn
8;431;4;Training;8;phosphorus-P
8;432;4;Training;0;boron-B
8;433;4;Training;8;phosphorus-P
8;434;4;Training;6;more-deficiencies
8;435;4;Training;4;magnesium-Mg
8;436;4;Training;4;magnesium-Mg
8;437;4;Training;0;boron-B
8;438;4;Training;8;phosphorus-P
8;439;4;Training;8;phosphorus-P
8;440;4;Training;8;phosphorus-P
8;441;4;Training;0;boron-B
8;443;4;Training;4;magnesium-Mg
8;444;4;Training;0;boron-B
8;445;4;Training;5;manganese-Mn
8;447;4;Training;8;phosphorus-P
8;448;4;Training;1;calcium-Ca
8;449;4;Training;1;calcium-Ca
8;450;4;Training;9;potasium-K
8;451;4;Training;1;calcium-Ca
8;452;4;Training;9;potasium-K
8;454;4;Training;8;phosphorus-P
8;455;4;Training;7;nitrogen-N
8;456;4;Training;9;potasium-K
8;457;4;Training;6;more-deficiencies
8;458;4;Training;0;boron-B
8;460;4;Training;1;calcium-Ca
8;461;4;Training;8;phosphorus-P
8;462;4;Training;7;nitrogen-N
8;463;4;Training;6;more-deficiencies
8;464;4;Training;0;boron-B
8;466;4;Training;1;calcium-Ca
8;467;4;Training;8;phosphorus-P
8;468;4;Training;5;manganese-Mn
8;469;4;Training;6;more-deficiencies
8;470;4;Training;5;manganese-Mn
8;471;4;Training;8;phosphorus-P
8;474;4;Training;9;potasium-K
8;475;4;Training;8;phosphorus-P
8;476;4;Training;0;boron-B
8;479;4;Training;4;magnesium-Mg
8;480;4;Training;8;phosphorus-P
8;481;4;Training;6;more-deficiencies
8;482;4;Training;3;iron-Fe
8;484;4;Training;1;calcium-Ca
8;485;4;Training;8;phosphorus-P
8;486;4;Training;1;calcium-Ca
8;487;4;Training;7;nitrogen-N
8;488;4;Training;3;iron-Fe
8;489;4;Training;3;iron-Fe
8;491;4;Training;1;calcium-Ca
8;492;4;Training;8;phosphorus-P
8;493;4;Training;1;calcium-Ca
8;494;4;Training;8;phosphorus-P
8;495;4;Training;8;phosphorus-P
8;496;4;Training;3;iron-Fe
8;497;4;Training;1;calcium-Ca
8;499;4;Training;4;magnesium-Mg
8;501;4;Training;8;phosphorus-P
8;503;4;Training;4;magnesium-Mg
8;504;4;Training;1;calcium-Ca
8;505;4;Training;8;phosphorus-P
8;506;4;Training;4;magnesium-Mg
8;509;4;Training;0;boron-B
8;510;4;Training;1;calcium-Ca
8;512;4;Training;9;potasium-K
8;513;4;Training;6;more-deficiencies
8;514;4;Training;6;more-deficiencies
8;517;4;Training;4;magnesium-Mg
8;518;4;Training;0;boron-B
8;519;4;Training;8;phosphorus-P
8;520;4;Training;8;phosphorus-P
8;522;4;Training;0;boron-B
8;523;4;Training;0;boron-B
8;524;4;Training;0;boron-B
8;526;4;Training;9;potasium-K
8;527;4;Training;8;phosphorus-P
8;528;4;Training;1;calcium-Ca
8;529;4;Training;8;phosphorus-P
8;530;4;Training;1;calcium-Ca
8;531;4;Training;8;phosphorus-P
8;532;4;Training;6;more-deficiencies
8;533;4;Training;0;boron-B
8;534;4;Training;7;nitrogen-N
8;535;4;Training;3;iron-Fe
8;536;4;Training;4;magnesium-Mg
8;537;4;Training;1;calcium-Ca
8;538;4;Training;5;manganese-Mn
8;539;4;Training;4;magnesium-Mg
8;540;4;Training;3;iron-Fe
8;541;4;Training;7;nitrogen-N
8;542;4;Training;9;potasium-K
8;543;4;Training;1;calcium-Ca
8;544;4;Training;1;calcium-Ca
8;545;4;Training;1;calcium-Ca
8;546;4;Training;0;boron-B
8;547;4;Training;1;calcium-Ca
8;548;4;Training;4;magnesium-Mg
8;549;4;Training;5;manganese-Mn
8;551;4;Training;8;phosphorus-P
8;552;4;Training;0;boron-B
8;553;4;Training;3;iron-Fe
8;554;4;Training;3;iron-Fe
8;556;4;Training;8;phosphorus-P
8;558;4;Training;1;calcium-Ca
8;559;4;Training;6;more-deficiencies
8;560;4;Training;8;phosphorus-P
8;561;4;Training;7;nitrogen-N
8;562;4;Training;7;nitrogen-N
8;563;4;Training;1;calcium-Ca
8;564;4;Training;8;phosphorus-P
8;565;4;Training;8;phosphorus-P
8;566;4;Training;5;manganese-Mn
8;567;4;Training;1;calcium-Ca
8;568;4;Training;1;calcium-Ca
8;570;4;Training;4;magnesium-Mg
8;572;4;Training;8;phosphorus-P
8;573;4;Training;8;phosphorus-P
8;574;4;Training;9;potasium-K
8;575;4;Training;9;potasium-K
8;576;4;Training;6;more-deficiencies
8;577;4;Training;7;nitrogen-N
8;578;4;Training;1;calcium-Ca
8;579;4;Training;4;magnesium-Mg
8;580;4;Training;9;potasium-K
8;583;4;Training;8;phosphorus-P
8;584;4;Training;8;phosphorus-P
8;586;4;Training;9;potasium-K
8;587;4;Training;9;potasium-K
8;588;4;Training;3;iron-Fe
8;589;4;Training;0;boron-B
8;590;4;Training;4;magnesium-Mg
8;591;4;Training;6;more-deficiencies
8;593;4;Training;0;boron-B
8;594;4;Training;9;potasium-K
8;595;4;Training;9;potasium-K
8;596;4;Training;1;calcium-Ca
8;597;4;Training;8;phosphorus-P
8;598;4;Training;8;phosphorus-P
8;599;4;Training;1;calcium-Ca
8;600;4;Training;5;manganese-Mn
8;601;4;Training;1;calcium-Ca
8;603;4;Training;0;boron-B
8;604;4;Training;3;iron-Fe
8;606;4;Training;1;calcium-Ca
8;607;4;Training;1;calcium-Ca
8;608;4;Training;7;nitrogen-N
8;609;4;Training;1;calcium-Ca
8;610;4;Training;1;calcium-Ca
8;611;4;Training;8;phosphorus-P
8;612;4;Training;8;phosphorus-P
8;614;4;Training;0;boron-B
8;615;4;Training;6;more-deficiencies
8;616;4;Training;1;calcium-Ca
8;619;4;Training;6;more-deficiencies
8;620;4;Training;4;magnesium-Mg
8;622;4;Training;0;boron-B
8;624;4;Training;6;more-deficiencies
8;625;4;Training;2;healthy
8;626;4;Training;8;phosphorus-P
8;627;4;Training;4;magnesium-Mg
8;628;4;Training;8;phosphorus-P
8;630;4;Training;8;phosphorus-P
8;631;4;Training;6;more-deficiencies
8;632;4;Training;5;manganese-Mn
8;635;4;Training;5;manganese-Mn
8;636;4;Training;1;calcium-Ca
8;637;4;Training;0;boron-B
8;639;4;Training;1;calcium-Ca
8;641;4;Training;4;magnesium-Mg
8;642;4;Training;1;calcium-Ca
8;643;4;Training;1;calcium-Ca
8;645;4;Training;1;calcium-Ca
8;646;4;Training;0;boron-B
8;647;4;Training;8;phosphorus-P
8;648;4;Training;9;potasium-K
8;650;4;Training;7;nitrogen-N
8;651;4;Training;5;manganese-Mn
8;652;4;Training;6;more-deficiencies
8;653;4;Training;6;more-deficiencies
8;654;4;Training;9;potasium-K
8;656;4;Training;0;boron-B
8;658;4;Training;8;phosphorus-P
8;660;4;Training;9;potasium-K
8;661;4;Training;1;calcium-Ca
8;662;4;Training;4;magnesium-Mg
8;663;4;Training;6;more-deficiencies
8;664;4;Training;1;calcium-Ca
8;665;4;Training;9;potasium-K
8;667;4;Training;6;more-deficiencies
8;668;4;Training;8;phosphorus-P
8;669;4;Training;5;manganese-Mn
8;670;4;Training;8;phosphorus-P
8;671;4;Training;0;boron-B
8;672;4;Training;1;calcium-Ca
8;673;4;Training;9;potasium-K
8;674;4;Training;8;phosphorus-P
8;676;4;Training;6;more-deficiencies
8;677;4;Training;8;phosphorus-P
8;679;4;Training;4;magnesium-Mg
8;680;4;Training;9;potasium-K
8;681;4;Training;6;more-deficiencies
8;682;4;Training;0;boron-B
8;684;4;Training;5;manganese-Mn
8;685;4;Training;8;phosphorus-P
8;687;4;Training;1;calcium-Ca
8;688;4;Training;1;calcium-Ca
8;689;4;Training;8;phosphorus-P
8;690;4;Training;5;manganese-Mn
8;691;4;Training;6;more-deficiencies
8;692;4;Training;8;phosphorus-P
8;693;4;Training;8;phosphorus-P
8;694;4;Training;9;potasium-K
8;698;4;Training;3;iron-Fe
8;700;4;Training;5;manganese-Mn
8;701;4;Training;4;magnesium-Mg
8;702;4;Training;5;manganese-Mn
8;704;4;Training;1;calcium-Ca
8;705;4;Training;9;potasium-K
8;706;4;Training;9;potasium-K
8;707;4;Training;0;boron-B
8;709;4;Training;0;boron-B
8;713;4;Training;1;calcium-Ca
8;716;4;Training;8;phosphorus-P
8;719;4;Training;8;phosphorus-P
8;720;4;Training;3;iron-Fe
8;721;4;Training;8;phosphorus-P
8;722;4;Training;9;potasium-K
8;723;4;Training;9;potasium-K
8;726;4;Training;3;iron-Fe
8;728;4;Training;1;calcium-Ca
8;729;4;Training;8;phosphorus-P
8;730;4;Training;7;nitrogen-N
8;731;4;Training;7;nitrogen-N
8;732;4;Training;8;phosphorus-P
8;733;4;Training;1;calcium-Ca
8;734;4;Training;3;iron-Fe
8;735;4;Training;9;potasium-K
8;736;4;Training;6;more-deficiencies
8;737;4;Training;1;calcium-Ca
8;738;4;Training;6;more-deficiencies
8;739;4;Training;8;phosphorus-P
8;740;4;Training;1;calcium-Ca
8;742;4;Training;3;iron-Fe
8;743;4;Training;6;more-deficiencies
8;744;4;Training;4;magnesium-Mg
8;745;4;Training;8;phosphorus-P
8;746;4;Training;8;phosphorus-P
8;747;4;Training;0;boron-B
8;748;4;Training;7;nitrogen-N
8;749;4;Training;6;more-deficiencies
8;750;4;Training;8;phosphorus-P
8;751;4;Training;1;calcium-Ca
8;752;4;Training;5;manganese-Mn
8;753;4;Training;8;phosphorus-P
8;754;4;Training;8;phosphorus-P
8;755;4;Training;1;calcium-Ca
8;756;4;Training;0;boron-B
8;757;4;Training;1;calcium-Ca
8;758;4;Training;9;potasium-K
8;761;4;Training;1;calcium-Ca
8;762;4;Training;8;phosphorus-P
8;764;4;Training;8;phosphorus-P
8;765;4;Training;0;boron-B
8;766;4;Training;6;more-deficiencies
8;767;4;Training;8;phosphorus-P
8;769;4;Training;7;nitrogen-N
8;770;4;Training;8;phosphorus-P
8;773;4;Training;6;more-deficiencies
8;774;4;Training;1;calcium-Ca
8;775;4;Training;0;boron-B
8;776;4;Training;9;potasium-K
8;778;4;Training;1;calcium-Ca
8;779;4;Training;8;phosphorus-P
8;780;4;Training;6;more-deficiencies
8;781;4;Training;0;boron-B
8;782;4;Training;5;manganese-Mn
8;783;4;Training;0;boron-B
8;784;4;Training;1;calcium-Ca
8;785;4;Training;8;phosphorus-P
8;787;4;Training;4;magnesium-Mg
8;788;4;Training;3;iron-Fe
8;789;4;Training;9;potasium-K
8;791;4;Training;8;phosphorus-P
8;792;4;Training;4;magnesium-Mg
8;793;4;Training;4;magnesium-Mg
8;795;4;Training;8;phosphorus-P
8;797;4;Training;1;calcium-Ca
8;798;4;Training;6;more-deficiencies
8;799;4;Training;5;manganese-Mn
8;801;4;Training;3;iron-Fe
8;802;4;Training;4;magnesium-Mg
8;803;4;Training;8;phosphorus-P
9;2;4;Testing;6;more-deficiencies
9;10;4;Testing;3;iron-Fe
9;13;4;Testing;5;manganese-Mn
9;22;4;Testing;1;calcium-Ca
9;27;4;Testing;8;phosphorus-P
9;36;4;Testing;1;calcium-Ca
9;37;4;Testing;0;boron-B
9;38;4;Testing;0;boron-B
9;41;4;Testing;4;magnesium-Mg
9;43;4;Testing;9;potasium-K
9;44;4;Testing;8;phosphorus-P
9;48;4;Testing;8;phosphorus-P
9;49;4;Testing;4;magnesium-Mg
9;59;4;Testing;8;phosphorus-P
9;72;4;Testing;5;manganese-Mn
9;75;4;Testing;8;phosphorus-P
9;78;4;Testing;7;nitrogen-N
9;85;4;Testing;2;healthy
9;102;4;Testing;1;calcium-Ca
9;103;4;Testing;6;more-deficiencies
9;108;4;Testing;8;phosphorus-P
9;110;4;Testing;1;calcium-Ca
9;112;4;Testing;6;more-deficiencies
9;118;4;Testing;5;manganese-Mn
9;123;4;Testing;8;phosphorus-P
9;137;4;Testing;3;iron-Fe
9;140;4;Testing;0;boron-B
9;146;4;Testing;9;potasium-K
9;155;4;Testing;5;manganese-Mn
9;165;4;Testing;6;more-deficiencies
9;175;4;Testing;8;phosphorus-P
9;182;4;Testing;8;phosphorus-P
9;184;4;Testing;4;magnesium-Mg
9;185;4;Testing;0;boron-B
9;187;4;Testing;0;boron-B
9;192;4;Testing;8;phosphorus-P
9;199;4;Testing;8;phosphorus-P
9;202;4;Testing;7;nitrogen-N
9;205;4;Testing;6;more-deficiencies
9;212;4;Testing;3;iron-Fe
9;214;4;Testing;5;manganese-Mn
9;215;4;Testing;5;manganese-Mn
9;220;4;Testing;1;calcium-Ca
9;231;4;Testing;1;calcium-Ca
9;235;4;Testing;7;nitrogen-N
9;237;4;Testing;8;phosphorus-P
9;238;4;Testing;0;boron-B
9;250;4;Testing;0;boron-B
9;251;4;Testing;8;phosphorus-P
9;256;4;Testing;4;magnesium-Mg
9;257;4;Testing;0;boron-B
9;263;4;Testing;6;more-deficiencies
9;267;4;Testing;6;more-deficiencies
9;271;4;Testing;8;phosphorus-P
9;285;4;Testing;0;boron-B
9;287;4;Testing;8;phosphorus-P
9;291;4;Testing;5;manganese-Mn
9;295;4;Testing;8;phosphorus-P
9;297;4;Testing;8;phosphorus-P
9;302;4;Testing;5;manganese-Mn
9;303;4;Testing;6;more-deficiencies
9;304;4;Testing;8;phosphorus-P
9;307;4;Testing;3;iron-Fe
9;325;4;Testing;7;nitrogen-N
9;330;4;Testing;9;potasium-K
9;331;4;Testing;8;phosphorus-P
9;334;4;Testing;9;potasium-K
9;335;4;Testing;6;more-deficiencies
9;350;4;Testing;4;magnesium-Mg
9;351;4;Testing;1;calcium-Ca
9;374;4;Testing;8;phosphorus-P
9;378;4;Testing;1;calcium-Ca
9;392;4;Testing;3;iron-Fe
9;400;4;Testing;9;potasium-K
9;401;4;Testing;8;phosphorus-P
9;403;4;Testing;9;potasium-K
9;410;4;Testing;1;calcium-Ca
9;411;4;Testing;0;boron-B
9;422;4;Testing;7;nitrogen-N
9;442;4;Testing;1;calcium-Ca
9;446;4;Testing;1;calcium-Ca
9;453;4;Testing;9;potasium-K
9;459;4;Testing;3;iron-Fe
9;465;4;Testing;6;more-deficiencies
9;472;4;Testing;7;nitrogen-N
9;473;4;Testing;6;more-deficiencies
9;477;4;Testing;3;iron-Fe
9;478;4;Testing;9;potasium-K
9;483;4;Testing;1;calcium-Ca
9;490;4;Testing;9;potasium-K
9;498;4;Testing;8;phosphorus-P
9;500;4;Testing;8;phosphorus-P
9;502;4;Testing;1;calcium-Ca
9;507;4;Testing;8;phosphorus-P
9;508;4;Testing;0;boron-B
9;511;4;Testing;1;calcium-Ca
9;515;4;Testing;4;magnesium-Mg
9;516;4;Testing;1;calcium-Ca
9;521;4;Testing;1;calcium-Ca
9;525;4;Testing;9;potasium-K
9;550;4;Testing;7;nitrogen-N
9;555;4;Testing;8;phosphorus-P
9;557;4;Testing;8;phosphorus-P
9;569;4;Testing;1;calcium-Ca
9;571;4;Testing;0;boron-B
9;581;4;Testing;1;calcium-Ca
9;582;4;Testing;1;calcium-Ca
9;585;4;Testing;8;phosphorus-P
9;592;4;Testing;8;phosphorus-P
9;602;4;Testing;6;more-deficiencies
9;605;4;Testing;3;iron-Fe
9;613;4;Testing;0;boron-B
9;617;4;Testing;4;magnesium-Mg
9;618;4;Testing;6;more-deficiencies
9;621;4;Testing;8;phosphorus-P
9;623;4;Testing;9;potasium-K
9;629;4;Testing;5;manganese-Mn
9;633;4;Testing;8;phosphorus-P
9;634;4;Testing;1;calcium-Ca
9;638;4;Testing;6;more-deficiencies
9;640;4;Testing;0;boron-B
9;644;4;Testing;7;nitrogen-N
9;649;4;Testing;8;phosphorus-P
9;655;4;Testing;5;manganese-Mn
9;657;4;Testing;8;phosphorus-P
9;659;4;Testing;3;iron-Fe
9;666;4;Testing;4;magnesium-Mg
9;675;4;Testing;8;phosphorus-P
9;678;4;Testing;6;more-deficiencies
9;683;4;Testing;0;boron-B
9;686;4;Testing;1;calcium-Ca
9;695;4;Testing;1;calcium-Ca
9;696;4;Testing;9;potasium-K
9;697;4;Testing;1;calcium-Ca
9;699;4;Testing;5;manganese-Mn
9;703;4;Testing;9;potasium-K
9;708;4;Testing;8;phosphorus-P
9;710;4;Testing;4;magnesium-Mg
9;711;4;Testing;4;magnesium-Mg
9;712;4;Testing;8;phosphorus-P
9;714;4;Testing;9;potasium-K
9;715;4;Testing;1;calcium-Ca
9;717;4;Testing;4;magnesium-Mg
9;718;4;Testing;0;boron-B
9;724;4;Testing;8;phosphorus-P
9;725;4;Testing;3;iron-Fe
9;727;4;Testing;1;calcium-Ca
9;741;4;Testing;6;more-deficiencies
9;759;4;Testing;7;nitrogen-N
9;760;4;Testing;3;iron-Fe
9;763;4;Testing;1;calcium-Ca
9;768;4;Testing;8;phosphorus-P
9;771;4;Testing;4;magnesium-Mg
9;772;4;Testing;9;potasium-K
9;777;4;Testing;8;phosphorus-P
9;786;4;Testing;4;magnesium-Mg
9;790;4;Testing;5;manganese-Mn
9;794;4;Testing;7;nitrogen-N
9;796;4;Testing;8;phosphorus-P
9;800;4;Testing;5;manganese-Mn
